id,Number,Paper,Year,Sample Name,Bismuth Oxycarbonate,Bismuth halide oxide series compounds,Bismuth binary metal series compounds,Bismuth phosphate and bismuth vanadate compounds,Monometallic bismuth series compounds,Doping ratio(wt%),Defect,Heterostructures,Bismuth citrate,Bismuth nitrate,Bismuth Chloride,BET(m2/g),Eg(eV),NO2(%),Pore volume(cm3/g),CT(h),T,Load/g,Wattage(W),Tungsten halogen lamp,LED lamp,Xe lamp,Flow rate(L/min),Relative Humidity(%),NOx(%)
1,1,Simultaneous Pd2+ doping and Pd metal deposition on (BiO)2CO3 microspheres for enhanced and stable visible light photocatalysis,2016,BOC,1.0,0.0,0.0,0.0,0.0,0.0,0.0,0.0,1.0,0.0,0.0,46.0,3.4,15.812789277992664,0.181,24.0,160.0,0.2,100.0,1.0,0.0,0.0,2.4,50.0,23.4
2,1,Simultaneous Pd2+ doping and Pd metal deposition on (BiO)2CO3 microspheres for enhanced and stable visible light photocatalysis,2016,Pd-BOC,1.0,0.0,0.0,0.0,0.0,0.5,0.0,0.0,1.0,0.0,0.0,43.0,3.22,16.956942011850217,0.178,24.0,160.0,0.2,100.0,1.0,0.0,0.0,2.4,50.0,51.4
3,2,Template-free fabrication and growth mechanism of uniform (BiO)2CO3 hierarchical hollow microspheres with outstanding photocatalytic activities under both UV and visible light irradiation,2011,BOC-3 ,1.0,0.0,0.0,0.0,0.0,0.0,0.0,0.0,1.0,0.0,0.0,12.000290785556146,3.399990011650612,23.602250915602824,0.11999900793183967,3.0,180.0,0.15,300.0,1.0,0.0,0.0,3.3,70.0,8.0
5,2,Template-free fabrication and growth mechanism of uniform (BiO)2CO3 hierarchical hollow microspheres with outstanding photocatalytic activities under both UV and visible light irradiation,2011,BOC-4,1.0,0.0,0.0,0.0,0.0,0.0,0.0,0.0,1.0,0.0,0.0,22.0,3.0240513080755966,2.317009299991602,0.0799,4.0,180.0,0.15,300.0,1.0,0.0,0.0,3.3,70.0,35.1
6,2,Template-free fabrication and growth mechanism of uniform (BiO)2CO3 hierarchical hollow microspheres with outstanding photocatalytic activities under both UV and visible light irradiation,2011,BOC-5,1.0,0.0,0.0,0.0,0.0,0.0,0.0,0.0,1.0,0.0,0.0,21.0,3.0701348774851027,3.380048664048275,0.095,5.0,180.0,0.15,300.0,1.0,0.0,0.0,3.3,70.0,43.0
7,2,Template-free fabrication and growth mechanism of uniform (BiO)2CO3 hierarchical hollow microspheres with outstanding photocatalytic activities under both UV and visible light irradiation,2011,BOC-7,1.0,0.0,0.0,0.0,0.0,0.0,0.0,0.0,1.0,0.0,0.0,20.0,3.0665782453564856,4.544790369188462,0.123,7.0,180.0,0.15,300.0,1.0,0.0,0.0,3.3,70.0,46.7
9,4,Novel in Situ N-Doped (BiO)2CO3 Hierarchical Microspheres Self-Assembled by Nanosheets as Efficient and Durable Visible Light Driven Photocatalyst,2011,N-BOC,1.0,0.0,0.0,0.0,0.0,1.0,0.0,0.0,1.0,0.0,0.0,30.4,2.66,2.078830228243878,0.108,48.0,180.0,0.15,300.0,1.0,0.0,0.0,3.3,70.0,49.4
10,4,Novel in Situ N-Doped (BiO)2CO3 Hierarchical Microspheres Self-Assembled by Nanosheets as Efficient and Durable Visible Light Driven Photocatalyst,2011,BOC,1.0,0.0,0.0,0.0,0.0,0.0,0.0,0.0,1.0,0.0,0.0,3.1,3.4,40.02987860178586,0.009,48.0,180.0,0.15,300.0,1.0,0.0,0.0,3.3,70.0,10.6
11,4,Novel in Situ N-Doped (BiO)2CO3 Hierarchical Microspheres Self-Assembled by Nanosheets as Efficient and Durable Visible Light Driven Photocatalyst,2011,C-TiO2,0.0,0.0,0.0,0.0,0.0,0.0,0.0,0.0,0.0,0.0,0.0,122.5,2.9,8.26324856484444,0.248,48.0,180.0,0.15,300.0,1.0,0.0,0.0,3.3,70.0,20.3
15,5,"One-pot template-free synthesis, growth mechanism and enhanced photocatalytic activity of monodisperse (BiO)2CO3 hierarchical hollow microspheres self-assembled with single-crystalline nanosheets",2012,BOC-9,1.0,0.0,0.0,0.0,0.0,0.0,0.0,0.0,1.0,0.0,0.0,18.82,2.32,7.15616173981555,0.028,24.0,180.0,0.15,300.0,1.0,0.0,0.0,3.3,70.0,35.0
16,5,"One-pot template-free synthesis, growth mechanism and enhanced photocatalytic activity of monodisperse (BiO)2CO3 hierarchical hollow microspheres self-assembled with single-crystalline nanosheets",2012,BOC-12,1.0,0.0,0.0,0.0,0.0,0.0,0.0,0.0,1.0,0.0,0.0,19.22,2.4,6.721944151115137,0.017,24.0,180.0,0.15,300.0,1.0,0.0,0.0,3.3,70.0,46.0
24,7,"Controlled synthesis, growth mechanism and highly efficient solar photocatalysis of nitrogen-doped bismuth subcarbonate hierarchical nanosheets architectures",2012,BOC-1,1.0,0.0,0.0,0.0,0.0,1.0,0.0,0.0,1.0,0.0,0.0,18.0,2.84,7.828191425769857,0.084,24.0,180.0,0.15,300.0,1.0,0.0,0.0,3.3,70.0,35.1
25,7,"Controlled synthesis, growth mechanism and highly efficient solar photocatalysis of nitrogen-doped bismuth subcarbonate hierarchical nanosheets architectures",2012,BOC-2,1.0,0.0,0.0,0.0,0.0,2.0,0.0,0.0,1.0,0.0,0.0,13.0,2.88,9.318577314710303,0.126,24.0,180.0,0.15,300.0,1.0,0.0,0.0,3.3,70.0,46.1
26,7,"Controlled synthesis, growth mechanism and highly efficient solar photocatalysis of nitrogen-doped bismuth subcarbonate hierarchical nanosheets architectures",2012,BOC-3,1.0,0.0,0.0,0.0,0.0,3.33,0.0,0.0,1.0,0.0,0.0,19.0,3.2,7.110262534824708,0.009,24.0,180.0,0.15,300.0,1.0,0.0,0.0,3.3,70.0,42.6
27,8,(NH4)2CO3 mediated hydrothermal synthesis of N-doped (BiO)2CO3 hollow nanoplates microspheres as high-performance and durable visible light photocatalyst for air cleaning,2013,N-BOC,1.0,0.0,0.0,0.0,0.0,2.0,0.0,0.0,1.0,0.0,0.0,20.0,3.25,5.8021005206993035,0.12,24.0,180.0,0.15,300.0,1.0,0.0,0.0,3.3,70.0,48.0
28,8,(NH4)2CO3 mediated hydrothermal synthesis of N-doped (BiO)2CO3 hollow nanoplates microspheres as high-performance and durable visible light photocatalyst for air cleaning,2013,N-BOC,1.0,0.0,0.0,0.0,0.0,2.0,0.0,0.0,1.0,0.0,0.0,20.0,3.25,10.363912966031037,0.12,23.99974393685979,179.99999562658746,0.15,300.0,1.0,0.0,0.0,3.3,70.0,42.6
29,8,(NH4)2CO3 mediated hydrothermal synthesis of N-doped (BiO)2CO3 hollow nanoplates microspheres as high-performance and durable visible light photocatalyst for air cleaning,2013,N-BOC,1.0,0.0,0.0,0.0,0.0,2.0,0.0,0.0,1.0,0.0,0.0,30.0,2.66,10.453597249697642,0.11,37.27727239374569,213.81107598239257,0.15,300.0,1.0,0.0,0.0,3.3,70.0,35.7
30,8,(NH4)2CO3 mediated hydrothermal synthesis of N-doped (BiO)2CO3 hollow nanoplates microspheres as high-performance and durable visible light photocatalyst for air cleaning,2013,BOC,1.0,0.0,0.0,0.0,0.0,0.0,0.0,0.0,1.0,0.0,0.0,12.0,3.4,11.956640567879823,0.12,3.0003316561669378,180.00723891014204,0.15,300.0,1.0,0.0,0.0,3.3,70.0,10.9
32,9,Ammonia induced formation of N-doped (BiO)2CO3 hierarchical microspheres: the effect of hydrothermal temperature on the morphology and photocatalytic activity,2013,BOC-150,1.0,0.0,0.0,0.0,0.0,1.0,0.0,0.0,1.0,0.0,0.0,16.0,3.06,17.67482541429213,0.16024312444003608,24.0,150.0,0.1,100.0,1.0,0.0,0.0,2.4,50.0,35.7
33,9,Ammonia induced formation of N-doped (BiO)2CO3 hierarchical microspheres: the effect of hydrothermal temperature on the morphology and photocatalytic activity,2013,BOC-180,1.0,0.0,0.0,0.0,0.0,1.0,0.0,0.0,1.0,0.0,0.0,20.0,2.55,17.23398090569954,0.15926818604870124,24.0,180.0,0.1,100.0,1.0,0.0,0.0,2.4,50.0,49.2
34,9,Ammonia induced formation of N-doped (BiO)2CO3 hierarchical microspheres: the effect of hydrothermal temperature on the morphology and photocatalytic activity,2013,BOC-210,1.0,0.0,0.0,0.0,0.0,1.0,0.0,0.0,1.0,0.0,0.0,19.0,3.25,12.454791609899772,0.15234721047118674,24.0,210.0,0.1,100.0,1.0,0.0,0.0,2.4,50.0,48.6
35,10,Noble Metal-Like Behavior of Plasmonic Bi Particles as a Cocatalyst Deposited on (BiO)2CO3 Microspheres for Efficient Visible Light Photocatalysis,2014,BOC,1.0,0.0,0.0,0.0,0.0,0.0,0.0,0.0,1.0,0.0,0.0,46.0,3.399999622817785,15.8,0.1809998914087415,24.0,160.0,0.2,100.0,1.0,0.0,0.0,2.4,50.0,22.0
36,10,Noble Metal-Like Behavior of Plasmonic Bi Particles as a Cocatalyst Deposited on (BiO)2CO3 Microspheres for Efficient Visible Light Photocatalysis,2014,Bi/BOC-1,1.0,0.0,0.0,0.0,0.0,1.0,0.0,0.0,1.0,0.0,0.0,45.0,3.3566288607358366,13.7,0.1754340304577556,24.0,160.0,0.2,100.0,1.0,0.0,0.0,2.4,50.0,36.0
38,10,Noble Metal-Like Behavior of Plasmonic Bi Particles as a Cocatalyst Deposited on (BiO)2CO3 Microspheres for Efficient Visible Light Photocatalysis,2014,Bi/BOC-10,1.0,0.0,0.0,0.0,0.0,10.0,0.0,0.0,1.0,0.0,0.0,34.0,3.2937202710639237,23.9,0.16173924848167595,24.0,160.0,0.2,100.0,1.0,0.0,0.0,2.4,50.0,34.0
40,11,Hydrothermal fabrication of N-doped (BiO)2CO3: Structural and morphological influence on the visible light photocatalytic activity,2014,N-BOC-150,1.0,0.0,0.0,0.0,0.0,1.0,0.0,0.0,1.0,0.0,0.0,15.0,3.18,11.563388290643307,0.069,48.0,150.0,0.15,300.0,1.0,0.0,0.0,3.3,50.0,39.9
41,11,Hydrothermal fabrication of N-doped (BiO)2CO3: Structural and morphological influence on the visible light photocatalytic activity,2014,N-BOC-180,1.0,0.0,0.0,0.0,0.0,1.0,0.0,0.0,1.0,0.0,0.0,28.0,2.96,1.1763280645986416,0.096,48.0,180.0,0.15,300.0,1.0,0.0,0.0,3.3,50.0,49.3
42,11,Hydrothermal fabrication of N-doped (BiO)2CO3: Structural and morphological influence on the visible light photocatalytic activity,2014,N-BOC-210,1.0,0.0,0.0,0.0,0.0,1.0,0.0,0.0,1.0,0.0,0.0,35.0,3.31,2.890787215747216,0.053,48.0,210.0,0.15,300.0,1.0,0.0,0.0,3.3,50.0,36.3
43,12,An anion-exchange strategy for 3D hierarchical (BiO)2CO3/amorphous Bi2S3 heterostructures with increased solar absorption and enhanced visible light photocatalysis,2015,BOC,1.0,0.0,0.0,0.0,0.0,0.0,0.0,1.0,1.0,0.0,0.0,46.0,3.53,27.5,0.122,24.0,160.0,0.1,150.0,1.0,0.0,0.0,3.3,60.0,21.5
44,12,An anion-exchange strategy for 3D hierarchical (BiO)2CO3/amorphous Bi2S3 heterostructures with increased solar absorption and enhanced visible light photocatalysis,2015,BS-0.05,1.0,0.0,0.0,0.0,0.0,0.05,0.0,1.0,1.0,0.0,0.0,56.0,3.04065345272349,10.2,0.147,24.0,160.0,0.1,150.0,1.0,0.0,0.0,3.3,60.0,48.6
45,12,An anion-exchange strategy for 3D hierarchical (BiO)2CO3/amorphous Bi2S3 heterostructures with increased solar absorption and enhanced visible light photocatalysis,2015,BS-0.10,1.0,0.0,0.0,0.0,0.0,0.1,0.0,1.0,1.0,0.0,0.0,50.0,3.040146569331909,7.6,0.143,24.0,160.0,0.1,150.0,1.0,0.0,0.0,3.3,60.0,51.4
47,12,An anion-exchange strategy for 3D hierarchical (BiO)2CO3/amorphous Bi2S3 heterostructures with increased solar absorption and enhanced visible light photocatalysis,2015,BS-0.50,1.0,0.0,0.0,0.0,0.0,0.5,0.0,1.0,1.0,0.0,0.0,54.0,3.035800513005813,9.7,0.171,24.0,160.0,0.1,150.0,1.0,0.0,0.0,3.3,60.0,45.1
48,13,The rapid synthesis of photocatalytic (BiO)2CO3 single-crystal nanosheets via an eco-friendly approach,2014,(BiO)2CO3（100、25）,1.0,0.0,0.0,0.0,0.0,0.0,0.0,0.0,0.0,1.0,0.0,15.0,2.1171920837981713,15.146297200406662,0.084,24.0,25.0,0.1,150.0,1.0,0.0,0.0,2.4,50.0,24.0
49,13,The rapid synthesis of photocatalytic (BiO)2CO3 single-crystal nanosheets via an eco-friendly approach,2014,(BiO)2CO3（100、45）,1.0,0.0,0.0,0.0,0.0,0.0,0.0,0.0,0.0,1.0,0.0,12.0,3.041413029986662,14.965442130891168,0.071,24.0,45.0,0.1,150.0,1.0,0.0,0.0,2.4,50.0,33.9
50,13,The rapid synthesis of photocatalytic (BiO)2CO3 single-crystal nanosheets via an eco-friendly approach,2014,(BiO)2CO3（100、65）,1.0,0.0,0.0,0.0,0.0,0.0,0.0,0.0,0.0,1.0,0.0,13.0,2.2365602733610705,14.985793953754936,0.078,24.0,65.0,0.1,150.0,1.0,0.0,0.0,2.4,50.0,40.0
51,13,The rapid synthesis of photocatalytic (BiO)2CO3 single-crystal nanosheets via an eco-friendly approach,2014,(BiO)2CO3（100、85）,1.0,0.0,0.0,0.0,0.0,0.0,0.0,0.0,0.0,1.0,0.0,17.0,2.1192034085786617,15.02737789057847,0.096,24.0,85.0,0.1,150.0,1.0,0.0,0.0,2.4,50.0,36.9
52,13,The rapid synthesis of photocatalytic (BiO)2CO3 single-crystal nanosheets via an eco-friendly approach,2014,(BiO)2CO3（1、45）,1.0,0.0,0.0,0.0,0.0,0.0,0.0,0.0,0.0,1.0,0.0,11.0,3.05,14.977016796520019,0.063,24.0,45.0,0.1,150.0,1.0,0.0,0.0,2.4,50.0,28.8
53,13,The rapid synthesis of photocatalytic (BiO)2CO3 single-crystal nanosheets via an eco-friendly approach,2014,(BiO)2CO3（10、45）,1.0,0.0,0.0,0.0,0.0,0.0,0.0,0.0,0.0,1.0,0.0,14.0,2.956617403440077,14.995324685188383,0.11,24.0,45.0,0.1,150.0,1.0,0.0,0.0,2.4,50.0,30.4
54,13,The rapid synthesis of photocatalytic (BiO)2CO3 single-crystal nanosheets via an eco-friendly approach,2014,(BiO)2CO3（100、45）,1.0,0.0,0.0,0.0,0.0,0.0,0.0,0.0,0.0,1.0,0.0,12.0,3.041413029986662,14.965442130891168,0.071,24.0,45.0,0.1,150.0,1.0,0.0,0.0,2.4,50.0,33.9
55,14,In situ decoration of plasmonic Ag nanocrystals on the surface of (BiO)2CO3 hierarchical microspheres for enhanced visible light photocatalysis,2014,BOC,1.0,0.0,0.0,0.0,0.0,0.0,0.0,0.0,1.0,0.0,0.0,46.0,3.53,27.4,0.11340008313666608,24.0,160.0,0.2,150.0,1.0,0.0,0.0,2.4,55.87151415917018,22.0
56,14,In situ decoration of plasmonic Ag nanocrystals on the surface of (BiO)2CO3 hierarchical microspheres for enhanced visible light photocatalysis,2014,Ag/BOC-1%,1.0,0.0,0.0,0.0,0.0,1.0,0.0,0.0,1.0,0.0,0.0,45.0,3.017306678726489,11.5,0.11078172599672262,24.0,160.0,0.2,150.0,1.0,0.0,0.0,2.4,51.52704529469233,40.0
58,14,In situ decoration of plasmonic Ag nanocrystals on the surface of (BiO)2CO3 hierarchical microspheres for enhanced visible light photocatalysis,2014,Ag/BOC-10%,1.0,0.0,0.0,0.0,0.0,10.0,0.0,0.0,1.0,0.0,0.0,41.0,3.249999407484307,16.8,0.10614613281667461,24.0,160.0,0.2,150.0,1.0,0.0,0.0,2.4,50.000004954261975,52.0
59,14,In situ decoration of plasmonic Ag nanocrystals on the surface of (BiO)2CO3 hierarchical microspheres for enhanced visible light photocatalysis,2014,Ag/BOC-20%,1.0,0.0,0.0,0.0,0.0,20.0,0.0,0.0,1.0,0.0,0.0,37.0,3.063973453306598,26.7,0.0988161967494858,24.0,160.0,0.2,150.0,1.0,0.0,0.0,2.4,49.47502182613833,47.0
63,15,Growth mechanism and photocatalytic activity of self-organized N-doped (BiO)2CO3 hierarchical nanosheet microspheres from bismuth citrate and urea,2014,BOC-12,1.0,0.0,0.0,0.0,0.0,1.0,0.0,0.0,1.0,0.0,0.0,17.78,2.31,7.3921452182525345,0.025,12.0,180.0,0.15,300.0,1.0,0.0,0.0,3.3,70.0,32.0
64,15,Growth mechanism and photocatalytic activity of self-organized N-doped (BiO)2CO3 hierarchical nanosheet microspheres from bismuth citrate and urea,2014,BOC-24,1.0,0.0,0.0,0.0,0.0,1.0,0.0,0.0,1.0,0.0,0.0,19.01,2.42,6.881308266574649,0.017,24.0,180.0,0.15,300.0,1.0,0.0,0.0,3.3,70.0,45.8
65,15,Growth mechanism and photocatalytic activity of self-organized N-doped (BiO)2CO3 hierarchical nanosheet microspheres from bismuth citrate and urea,2014,BOC-48,1.0,0.0,0.0,0.0,0.0,1.0,0.0,0.0,1.0,0.0,0.0,30.44,2.81,2.0916302864378657,0.122,48.0,180.0,0.15,300.0,1.0,0.0,0.0,3.3,70.0,49.6
66,15,Growth mechanism and photocatalytic activity of self-organized N-doped (BiO)2CO3 hierarchical nanosheet microspheres from bismuth citrate and urea,2014,BOC-48(UV),1.0,0.0,0.0,0.0,0.0,1.0,0.0,0.0,1.0,0.0,0.0,30.44,2.81,2.0916302864378657,0.122,48.0,180.0,0.15,300.0,1.0,0.0,0.0,3.3,70.0,57.0
67,16,Mechanism of visible light photocatalytic NOx oxidation with plasmonic Bi cocatalyst-enhanced (BiO)2CO3 hierarchical microspheres,2015,pure (BiO)2CO3,1.0,0.0,0.0,0.0,0.0,0.0,0.0,0.0,1.0,0.0,0.0,46.0,3.53,27.3,0.12,24.0,160.0,0.2,100.0,1.0,0.0,0.0,2.4,50.0,19.1
68,16,Mechanism of visible light photocatalytic NOx oxidation with plasmonic Bi cocatalyst-enhanced (BiO)2CO3 hierarchical microspheres,2015,Bi-(BiO)2CO3,1.0,0.0,0.0,0.0,0.0,1.0,0.0,0.0,1.0,0.0,0.0,40.0,3.277619154860383,13.6,0.093,24.0,160.0,0.2,100.0,1.0,0.0,0.0,2.4,50.0,37.2
69,17,Three dimensional Z-scheme (BiO)2CO3/MoS2 with enhanced visible light photocatalytic NO removal,2016, BOC,1.0,0.0,0.0,0.0,0.0,0.0,0.0,1.0,1.0,0.0,0.0,40.0,3.054932484637072,19.648198864339314,0.018,24.0,160.0,0.2,150.0,1.0,0.0,0.0,2.4,50.0,24.0
70,17,Three dimensional Z-scheme (BiO)2CO3/MoS2 with enhanced visible light photocatalytic NO removal,2016,BOC-MoS2-1%,1.0,0.0,0.0,0.0,0.0,1.0,0.0,1.0,1.0,0.0,0.0,50.0,3.085281156368728,28.734427583113593,0.021,24.0,160.0,0.2,150.0,1.0,0.0,0.0,2.4,50.0,33.0
74,18,In situ synthesis of a C-doped (BiO)2CO3 hierarchical self-assembly effectively promoting visible light photocatalysis,2015,BOC,1.0,0.0,0.0,0.0,0.0,0.0,0.0,0.0,1.0,0.0,0.0,19.0,3.38,12.495330650513514,0.12,24.0,180.0,0.2,150.0,1.0,0.0,0.0,2.4,50.0,18.1
77,18,In situ synthesis of a C-doped (BiO)2CO3 hierarchical self-assembly effectively promoting visible light photocatalysis,2015,CBOC-H,1.0,0.0,0.0,0.0,0.0,4.0,0.0,0.0,1.0,0.0,0.0,20.0,2.49,12.362892035401131,0.12,24.0,180.0,0.2,150.0,1.0,0.0,0.0,2.4,50.0,38.9
78,19,Enhanced extrinsic absorption promotes the visible light photocatalytic activity of wide band-gap (BiO)2CO3 hierarchical structure,2014,BOC-R3,1.0,0.0,0.0,0.0,0.0,0.0,0.0,0.0,1.0,0.0,0.0,13.8,3.34,28.0,0.085,24.0,180.0,0.15,300.0,1.0,0.0,0.0,3.3,50.0,23.0
79,19,Enhanced extrinsic absorption promotes the visible light photocatalytic activity of wide band-gap (BiO)2CO3 hierarchical structure,2014,BOC-R6,1.0,0.0,0.0,0.0,0.0,0.0,0.0,0.0,1.0,0.0,0.0,3.1,3.41,52.0,0.12,24.0,180.0,0.15,300.0,1.0,0.0,0.0,3.3,50.0,5.0
80,20,Single Precursor Mediated-Synthesis of Bi Semimetal Deposited N?Doped (BiO)2CO3 Superstructures for Highly Promoted Photocatalysis,2016,BCM,1.0,0.0,0.0,0.0,0.0,0.0,0.0,0.0,1.0,0.0,0.0,13.8,3.31,6.721159261869879,0.07480225101728472,24.0,200.0,0.2,150.0,1.0,0.0,0.0,2.4,50.0,25.0
81,20,Single Precursor Mediated-Synthesis of Bi Semimetal Deposited N?Doped (BiO)2CO3 Superstructures for Highly Promoted Photocatalysis,2016,NBCM-160,1.0,0.0,0.0,0.0,0.0,1.0,0.0,0.0,1.0,0.0,0.0,67.0,2.76,13.58652002440794,0.14530460165055184,24.0,160.0,0.2,150.0,1.0,0.0,0.0,2.4,50.0,37.1
82,20,Single Precursor Mediated-Synthesis of Bi Semimetal Deposited N?Doped (BiO)2CO3 Superstructures for Highly Promoted Photocatalysis,2016,NBCM-180,1.0,0.0,0.0,0.0,0.0,1.0,0.0,0.0,1.0,0.0,0.0,35.0,2.33,14.969621533298971,0.1115686776401289,24.0,280.0,0.2,150.0,1.0,0.0,0.0,2.4,50.0,41.5
83,20,Single Precursor Mediated-Synthesis of Bi Semimetal Deposited N?Doped (BiO)2CO3 Superstructures for Highly Promoted Photocatalysis,2016,NBCM-200,1.0,0.0,0.0,0.0,0.0,1.0,0.0,0.0,1.0,0.0,0.0,26.0,2.96,13.83491530711894,0.12259211338615518,24.0,200.0,0.2,150.0,1.0,0.0,0.0,2.4,50.0,50.3
84,21,Fe?III) cluster-grafted (BiO)2CO3 superstructures: in situ DRIFTS investigation on IFCT-enhanced visible light photocatalytic NO oxidation,2017, BC,1.0,0.0,0.0,0.0,0.0,0.0,0.0,0.0,1.0,0.0,0.0,46.0,2.2002504604822097,17.488105931116273,0.122,12.0,60.0,0.1,150.0,1.0,0.0,0.0,3.3,60.0,21.5
85,21,Fe?III) cluster-grafted (BiO)2CO3 superstructures: in situ DRIFTS investigation on IFCT-enhanced visible light photocatalytic NO oxidation,2017,FBC-2,1.0,0.0,0.0,0.0,0.0,2.0,0.0,0.0,1.0,0.0,0.0,50.0,2.2244765560591535,14.531489988768385,0.104,12.0,60.0,0.1,150.0,1.0,0.0,0.0,3.3,60.0,38.3
86,21,Fe?III) cluster-grafted (BiO)2CO3 superstructures: in situ DRIFTS investigation on IFCT-enhanced visible light photocatalytic NO oxidation,2017,FBC-5,1.0,0.0,0.0,0.0,0.0,5.0,0.0,0.0,1.0,0.0,0.0,58.0,2.303674611345006,13.648916579692585,0.112,12.0,60.0,0.1,150.0,1.0,0.0,0.0,3.3,60.0,44.1
87,21,Fe?III) cluster-grafted (BiO)2CO3 superstructures: in situ DRIFTS investigation on IFCT-enhanced visible light photocatalytic NO oxidation,2017,FBC-10,1.0,0.0,0.0,0.0,0.0,10.0,0.0,0.0,1.0,0.0,0.0,53.0,2.2733919253825086,13.186202733982638,0.113,12.0,60.0,0.1,150.0,1.0,0.0,0.0,3.3,60.0,40.4
88,22,Efficient visible light photocatalytic NOx removal with cationic Ag clusters-grafted (BiO)2CO3 hierarchical superstructures,2017,BHS,1.0,0.0,0.0,0.0,0.0,0.0,0.0,0.0,1.0,0.0,0.0,45.9,2.190792780753598,17.5,0.121,12.0,60.0,0.1,150.0,1.0,0.0,0.0,3.3,60.0,21.5
89,22,Efficient visible light photocatalytic NOx removal with cationic Ag clusters-grafted (BiO)2CO3 hierarchical superstructures,2017,BHS-Ag-0.10,1.0,0.0,0.0,0.0,0.0,1.0,0.0,0.0,1.0,0.0,0.0,43.7,2.1573352314909435,11.3,0.127,12.0,60.0,0.1,150.0,1.0,0.0,0.0,3.3,60.0,48.6
91,22,Efficient visible light photocatalytic NOx removal with cationic Ag clusters-grafted (BiO)2CO3 hierarchical superstructures,2017,BHS-Ag-0.50,1.0,0.0,0.0,0.0,0.0,5.0,0.0,0.0,1.0,0.0,0.0,42.7,2.1581606435982756,10.5,0.123,12.0,60.0,0.1,150.0,1.0,0.0,0.0,3.3,60.0,48.1
92,23,Pt quantum dots deposited on N-doped (BiO)2CO3: enhanced visible light photocatalytic NO removal and reaction pathway,2017,BOC,1.0,0.0,0.0,0.0,0.0,0.0,0.0,0.0,1.0,0.0,0.0,44.0,3.22,14.605789264149285,0.153,24.0,60.0,0.1,100.0,1.0,0.0,0.0,2.4,50.0,24.0
93,23,Pt quantum dots deposited on N-doped (BiO)2CO3: enhanced visible light photocatalytic NO removal and reaction pathway,2017,NBOC,1.0,0.0,0.0,0.0,0.0,1.0,0.0,0.0,1.0,0.0,0.0,56.0,2.45,14.625271859587722,0.264,24.0,60.0,0.1,100.0,1.0,0.0,0.0,2.4,50.0,37.0
94,23,Pt quantum dots deposited on N-doped (BiO)2CO3: enhanced visible light photocatalytic NO removal and reaction pathway,2017,Pt-160,1.0,0.0,0.0,0.0,0.0,1.0,0.0,0.0,1.0,0.0,0.0,29.0,3.23240730225191,19.096369106746998,0.195,24.0,160.0,0.1,100.0,1.0,0.0,0.0,2.4,50.0,42.2
95,23,Pt quantum dots deposited on N-doped (BiO)2CO3: enhanced visible light photocatalytic NO removal and reaction pathway,2017,Pt-180,1.0,0.0,0.0,0.0,0.0,1.0,0.0,0.0,1.0,0.0,0.0,42.0,3.215519127977925,19.126137105250006,0.169,24.0,180.0,0.1,100.0,1.0,0.0,0.0,2.4,50.0,43.3
100,25,Controlled deposition of Au on (BiO)2CO3 microspheres: the size and content of Au nanoparticles matter,2015,BOC,1.0,0.0,0.0,0.0,0.0,0.0,0.0,0.0,1.0,0.0,0.0,46.0,3.5299800064251228,27.399770197350364,0.1134,24.0,160.0,0.2,150.0,1.0,0.0,0.0,2.4,56.62193725368959,22.0
105,26,Hydrothermal formation of N-doped (BiO)2CO3 honeycomb like microspheres photocatalysts with bismuth citrate and dicyandiamide as precursors,2013,N-BOC-180℃,1.0,0.0,0.0,0.0,0.0,1.0,0.0,0.0,1.0,0.0,0.0,18.0,2.38,11.510786489181847,0.11601297572179087,24.0,180.0,0.2,150.0,1.0,0.0,0.0,2.4,51.76876764803562,41.0
106,26,Hydrothermal formation of N-doped (BiO)2CO3 honeycomb like microspheres photocatalysts with bismuth citrate and dicyandiamide as precursors,2013,N-BOC-210℃,1.0,0.0,0.0,0.0,0.0,1.0,0.0,0.0,1.0,0.0,0.0,11.0,3.15,6.927750157527215,0.07370566034504517,24.0,210.0,0.2,150.0,1.0,0.0,0.0,2.4,49.99999535605392,33.0
111,28,Bi metal prevents the deactivation of oxygen vacancies in Bi2O2CO3 for stable and efficient photocatalytic NO abatement,2020,OV-BOC,1.0,0.0,0.0,0.0,0.0,0.0,1.0,0.0,0.0,1.0,0.0,4.06,3.1725513688366362,8.0,0.06740817570249166,12.0,200.0,0.2,150.0,1.0,0.0,0.0,2.4,50.0,31.7
112,28,Bi metal prevents the deactivation of oxygen vacancies in Bi2O2CO3 for stable and efficient photocatalytic NO abatement,2020,Bi@OV-BOC,1.0,0.0,0.0,0.0,0.0,1.0,1.0,0.0,0.0,1.0,0.0,4.15,3.359638642073615,3.0,0.06757293739503029,12.0,200.0,0.2,150.0,1.0,0.0,0.0,2.4,50.0,40.8
113,29,The mechanisms of interfacial charge transfer and photocatalysis reaction over Cs3Bi2Cl9 QD/(BiO)2CO3 heterojunction,2022,CBC,1.0,0.0,0.0,0.0,0.0,0.0,0.0,1.0,1.0,0.0,0.0,40.73400230671768,3.55,18.500785026572238,0.026571257870658692,24.0,160.0,0.1,150.0,1.0,0.0,0.0,2.4,50.43390764358918,27.6
114,29,The mechanisms of interfacial charge transfer and photocatalysis reaction over Cs3Bi2Cl9 QD/(BiO)2CO3 heterojunction,2022,BOC,1.0,0.0,0.0,0.0,0.0,0.0,0.0,1.0,1.0,0.0,0.0,40.74254483252504,2.56,16.021380228863134,0.025639596664646026,24.0,160.0,0.1,150.0,1.0,0.0,0.0,2.4,50.372755539284974,28.0
115,29,The mechanisms of interfacial charge transfer and photocatalysis reaction over Cs3Bi2Cl9 QD/(BiO)2CO3 heterojunction,2022,C-B-0.5,1.0,0.0,0.0,0.0,0.0,0.1,0.0,1.0,1.0,0.0,0.0,41.47038904012219,3.0589789464216706,17.720106338485163,0.0339179259389914,24.0,160.0,0.1,150.0,1.0,0.0,0.0,2.4,50.80686405846533,38.6
117,29,The mechanisms of interfacial charge transfer and photocatalysis reaction over Cs3Bi2Cl9 QD/(BiO)2CO3 heterojunction,2022,C-B-3,1.0,0.0,0.0,0.0,0.0,3.0,0.0,1.0,1.0,0.0,0.0,32.406056696699025,3.0036131608688796,13.268838911197653,0.06426564365495553,24.0,160.0,0.1,150.0,1.0,0.0,0.0,2.4,58.35174556763618,40.2
118,30,La-doping induced localized excess electrons on (BiO)2CO3 for efficient photocatalytic NO removal and toxic intermediates suppression,2020,BOC,1.0,0.0,0.0,0.0,0.0,0.0,0.0,0.0,1.0,0.0,0.0,49.0,3.29,33.0,0.141,24.0,160.0,0.2,150.0,1.0,0.0,0.0,2.4,50.0,15.2
121,30,La-doping induced localized excess electrons on (BiO)2CO3 for efficient photocatalytic NO removal and toxic intermediates suppression,2020,La-BOC-10,1.0,0.0,0.0,0.0,0.0,10.0,0.0,0.0,1.0,0.0,0.0,40.999968394345494,3.25,16.800004790675253,0.06453240144413638,24.0,160.0,0.2,150.0,1.0,0.0,0.0,2.4,50.0,44.0
122,31,Doping and facet effects synergistically mediated interfacial reaction mechanism and selectivity in photocatalytic NO abatement,2021,BOC-110,1.0,0.0,0.0,0.0,0.0,0.0,0.0,0.0,1.0,0.0,0.0,7.18,3.39,7.988129571684872,0.04,24.0,180.0,0.2,150.0,1.0,0.0,0.0,2.4,50.0,12.5
123,31,Doping and facet effects synergistically mediated interfacial reaction mechanism and selectivity in photocatalytic NO abatement,2021,BOC-001,1.0,0.0,0.0,0.0,0.0,0.0,0.0,0.0,1.0,0.0,0.0,5.82,3.43,7.6973560538946915,0.03,24.0,180.0,0.2,150.0,1.0,0.0,0.0,2.4,50.0,8.0
124,31,Doping and facet effects synergistically mediated interfacial reaction mechanism and selectivity in photocatalytic NO abatement,2021,NBOC-110,1.0,0.0,0.0,0.0,0.0,1.0,0.0,0.0,1.0,0.0,0.0,30.37,2.96,15.300204459714884,0.16,24.0,180.0,0.2,150.0,1.0,0.0,0.0,2.4,50.0,52.0
125,31,Doping and facet effects synergistically mediated interfacial reaction mechanism and selectivity in photocatalytic NO abatement,2021,NBOC-001,1.0,0.0,0.0,0.0,0.0,1.0,0.0,0.0,1.0,0.0,0.0,6.71,3.25,7.832045056865248,0.06,24.0,180.0,0.2,150.0,1.0,0.0,0.0,2.4,50.0,36.4
126,32,Ternary Ag/AgCl-(BiO)2CO3 composites as high-performance visible-light plasmonic photocatalysts,2017,Ag/AgCl,0.0,0.0,0.0,0.0,0.0,0.0,0.0,0.0,1.0,0.0,0.0,0.664,2.989080108638168,9.496889045232852,0.000865,24.0,160.0,0.2,150.0,1.0,0.0,0.0,2.4,50.0,28.1
127,32,Ternary Ag/AgCl-(BiO)2CO3 composites as high-performance visible-light plasmonic photocatalysts,2017,BOC,1.0,0.0,0.0,0.0,0.0,0.0,0.0,0.0,1.0,0.0,0.0,49.3418,3.2478212258458505,32.72537271642724,0.142199,24.0,160.0,0.2,150.0,1.0,0.0,0.0,2.4,50.0,21.5
129,32,Ternary Ag/AgCl-(BiO)2CO3 composites as high-performance visible-light plasmonic photocatalysts,2017,Ag/AgCl-BOC-30,1.0,0.0,0.0,0.0,0.0,30.0,0.0,0.0,1.0,0.0,0.0,36.27831105480642,2.8052351557865527,21.271679156619733,0.12991907467175093,24.0,160.0,0.2,150.0,1.0,0.0,0.0,2.4,50.0,42.91
130,32,Ternary Ag/AgCl-(BiO)2CO3 composites as high-performance visible-light plasmonic photocatalysts,2017,Ag/AgCl-BOC-50,1.0,0.0,0.0,0.0,0.0,50.0,0.0,0.0,1.0,0.0,0.0,43.217161356244304,2.7726933762681716,16.87050813860372,0.2136600210937549,24.0,160.0,0.2,150.0,1.0,0.0,0.0,2.4,50.0,41.01
137,35,In situ growth of Au nanoparticles on 3D Bi2O2CO3 for surface plasmon enhanced visible light photocatalysis,2015,BOC,1.0,0.0,0.0,0.0,0.0,0.0,0.0,0.0,0.0,1.0,0.0,46.0,3.4,20.096560697142813,0.177,24.0,160.0,0.1,100.0,1.0,0.0,0.0,2.4,50.0,23.4
139,36,A Bi/BiOI/(BiO)2CO3 heterostructure for enhanced photocatalytic NO removal under visible light,2019,BOC,1.0,0.0,0.0,0.0,0.0,0.0,0.0,0.0,1.0,0.0,0.0,47.58527424389247,3.409980454934279,30.199232242646858,0.13219847033509413,24.0,160.0,0.2,150.0,1.0,0.0,0.0,2.4000040528785185,50.000338449354594,21.7
140,36,A Bi/BiOI/(BiO)2CO3 heterostructure for enhanced photocatalytic NO removal under visible light,2019,BOC-2,1.0,0.0,0.0,0.0,0.0,2.0,0.0,0.0,1.0,0.0,0.0,52.68752750031711,2.967126307622219,14.42697467529569,0.09549578240772925,24.0,160.0,0.2,150.0,1.0,0.0,0.0,2.46413950528044,52.33469731826492,35.2
141,36,A Bi/BiOI/(BiO)2CO3 heterostructure for enhanced photocatalytic NO removal under visible light,2019,BOC-5,1.0,0.0,0.0,0.0,0.0,5.0,0.0,0.0,1.0,0.0,0.0,24.721806893458357,2.9980984376938675,11.933102105417086,0.06572162915496241,24.0,160.0,0.2,150.0,1.0,0.0,0.0,2.1690984499805794,58.84838677496046,41.8
142,36,A Bi/BiOI/(BiO)2CO3 heterostructure for enhanced photocatalytic NO removal under visible light,2019,BOC-10,1.0,0.0,0.0,0.0,0.0,10.0,0.0,0.0,1.0,0.0,0.0,40.99996007632614,3.249999806108528,16.79999230558363,0.0742810185129883,24.0,160.0,0.2,150.0,1.0,0.0,0.0,2.3999995483330174,50.00001624901777,39.5
143,36,A Bi/BiOI/(BiO)2CO3 heterostructure for enhanced photocatalytic NO removal under visible light,2019,BOC-20,1.0,0.0,0.0,0.0,0.0,20.0,0.0,0.0,1.0,0.0,0.0,36.99999669191375,3.1032724615410645,26.699990931752303,0.09966564505527015,24.0,160.0,0.2,150.0,1.0,0.0,0.0,2.3999999155851226,54.5467675445606,36.4
148,37,Anionic Group Self-Doping as a Promising Strategy: Band Gap Engineering and Multi-Functional Applications of High Performance CO32?-Doped Bi2O2CO3,2015,BOC-4,1.0,0.0,0.0,0.0,0.0,4.0,0.0,0.0,0.0,1.0,0.0,18.7,2.72,3.7091154659852146,0.27934409460614923,24.0,160.0,0.2,500.0,0.0,0.0,1.0,2.4,50.00000014751921,48.0
151,38,Facile construction of Bi2Mo3O12@Bi2O2CO3 heterojunctions for enhanced photocatalytic efficiency toward NO removal and study of the conversion process,2020,BMO-BOC-1,1.0,0.0,0.0,0.0,0.0,1.0,0.0,1.0,0.0,1.0,0.0,33.854353468862996,2.4178887708021906,14.263193297834938,0.15895632525842163,18.0,160.0,0.2,150.0,1.0,0.0,0.0,2.42280746148985,50.99119626205226,37.0
152,38,Facile construction of Bi2Mo3O12@Bi2O2CO3 heterojunctions for enhanced photocatalytic efficiency toward NO removal and study of the conversion process,2020,BMO-BOC-0.5,1.0,0.0,0.0,0.0,0.0,0.5,0.0,1.0,0.0,1.0,0.0,32.87735079804505,2.413176586063136,14.513600558103704,0.1562232613678889,18.0,160.0,0.2,150.0,1.0,0.0,0.0,2.4419166751100665,50.947020479600596,32.0
153,39,Effects of Morphology and Crystallinity on the Photocatalytic Activity of (BiO)2CO3 Nano/microstructures,2014, (BiO)2CO3-M,1.0,0.0,0.0,0.0,0.0,0.0,0.0,0.0,1.0,0.0,0.0,34.5,3.14,3.6019864925875864,0.09031340951389165,24.0,180.0,0.15,300.0,1.0,0.0,0.0,3.3,70.0,42.6
156,40,A Bi/BiOI/(BiO)2CO3 heterostructure for enhanced photocatalytic NO removal under visible light,2019,BOI,1.0,0.0,0.0,0.0,0.0,0.0,0.0,1.0,0.0,1.0,0.0,44.799,3.3,19.07802902647038,0.11228531432986504,24.0,180.0,0.2,150.0,1.0,0.0,0.0,2.4,50.0,21.7
157,40,A Bi/BiOI/(BiO)2CO3 heterostructure for enhanced photocatalytic NO removal under visible light,2019,BOI-70,1.0,0.0,0.0,0.0,0.0,1.0,0.0,1.0,0.0,1.0,0.0,54.742,3.19,14.592349169231595,0.13881883108000512,24.0,180.0,0.2,150.0,1.0,0.0,0.0,2.4,50.0,41.8
161,42,Mass-Controlled Direct Synthesis of Graphene-like Carbon Nitride Nanosheets with Exceptional High Visible Light Activity. Less is Better,2015,BOC-4,1.0,0.0,0.0,0.0,0.0,4.0,0.0,0.0,0.0,1.0,0.0,18.7,2.72,3.7979185071103325,0.27933114080757526,24.0,160.0,0.2,500.0,0.0,0.0,1.0,2.4,50.0,48.0
162,42,Mass-Controlled Direct Synthesis of Graphene-like Carbon Nitride Nanosheets with Exceptional High Visible Light Activity. Less is Better,2015,BOC-5,1.0,0.0,0.0,0.0,0.0,5.0,0.0,0.0,0.0,1.0,0.0,25.31,2.94,0.5,0.13296991807186015,16.286308023635748,173.70288765825012,0.2,300.0,0.0,0.0,1.0,2.3773056258968266,50.0,42.0
163,42,Mass-Controlled Direct Synthesis of Graphene-like Carbon Nitride Nanosheets with Exceptional High Visible Light Activity. Less is Better,2015,BOC-6,1.0,0.0,0.0,0.0,0.0,6.0,0.0,0.0,0.0,1.0,0.0,25.31,2.94,0.5,0.1327208883559206,16.38757563227691,174.9096087490175,0.2,300.0,0.0,0.0,1.0,2.3371550348780668,50.0,40.6
164,43,In-situ generation of oxygen vacancies and metallic bismuth from (BiO)2CO3 via N2-assisted thermal-treatment for efficient selective photocatalytic NO removal,2021,BOC,1.0,0.0,0.0,0.0,0.0,0.0,0.0,0.0,1.0,0.0,0.0,44.08,2.6848746719709253,7.32,0.17753097796822062,2.0,140.0,0.1,300.0,0.0,0.0,1.0,1.967942933385998,35.0,26.0
165,43,In-situ generation of oxygen vacancies and metallic bismuth from (BiO)2CO3 via N2-assisted thermal-treatment for efficient selective photocatalytic NO removal,2021,160BOC,1.0,0.0,0.0,0.0,0.0,0.0,0.0,0.0,1.0,0.0,0.0,12.492618241402536,2.6104886604942483,8.18,0.1621153705686899,2.0,160.0,0.1,300.0,0.0,0.0,1.0,1.7604831641933958,35.0,31.0
166,43,In-situ generation of oxygen vacancies and metallic bismuth from (BiO)2CO3 via N2-assisted thermal-treatment for efficient selective photocatalytic NO removal,2021,200BOC,1.0,0.0,0.0,0.0,0.0,0.0,0.0,0.0,1.0,0.0,0.0,11.759296362323767,2.939262847642282,8.42,0.09357880010414302,2.0,200.0,0.1,300.0,0.0,0.0,1.0,1.343056995508703,35.0,34.0
167,43,In-situ generation of oxygen vacancies and metallic bismuth from (BiO)2CO3 via N2-assisted thermal-treatment for efficient selective photocatalytic NO removal,2021,240BOC,1.0,0.0,0.0,0.0,0.0,0.0,0.0,0.0,1.0,0.0,0.0,38.81,2.994873134376063,3.62,0.11389004060049997,2.0,240.0,0.1,300.0,0.0,0.0,1.0,2.6803790252104975,35.0,50.0
168,43,In-situ generation of oxygen vacancies and metallic bismuth from (BiO)2CO3 via N2-assisted thermal-treatment for efficient selective photocatalytic NO removal,2021,280BOC,1.0,0.0,0.0,0.0,0.0,0.0,0.0,0.0,1.0,0.0,0.0,20.409109556957507,2.940462822998562,0.56,0.11029367355723861,2.0,280.0,0.1,300.0,0.0,0.0,1.0,3.011545195972245,35.0,55.0
169,43,In-situ generation of oxygen vacancies and metallic bismuth from (BiO)2CO3 via N2-assisted thermal-treatment for efficient selective photocatalytic NO removal,2021,320BOC,1.0,0.0,0.0,0.0,0.0,0.0,0.0,0.0,1.0,0.0,0.0,32.65,2.9644667861444702,0.43,0.11456637056190999,2.0,320.0,0.1,300.0,0.0,0.0,1.0,2.8866528590517353,35.0,56.0
175,45,In situ Fabrication of α- Bi2O3/(BiO)2CO3 Nanoplate Heterojunctions with Tunable Optical Property and Photocatalytic Activity,2016,BOC,1.0,0.0,0.0,0.0,0.0,0.0,0.0,1.0,0.0,1.0,0.0,12.5,3.06,13.825657723947165,0.1334033953101326,24.0,160.0,0.2,300.0,0.0,0.0,1.0,1.2,65.97451651634633,28.0
176,45,In situ Fabrication of α- Bi2O3/(BiO)2CO3 Nanoplate Heterojunctions with Tunable Optical Property and Photocatalytic Activity,2016,BOC-400,1.0,0.0,0.0,0.0,0.0,0.0,0.0,1.0,0.0,1.0,0.0,15.7,2.97,5.237493355617616,0.14018377470311902,24.0,160.0,0.2,300.0,0.0,0.0,1.0,1.2,66.09163891604825,34.9
177,45,In situ Fabrication of α- Bi2O3/(BiO)2CO3 Nanoplate Heterojunctions with Tunable Optical Property and Photocatalytic Activity,2016,BOC-450,1.0,0.0,0.0,0.0,0.0,0.0,0.0,1.0,0.0,1.0,0.0,18.2,2.81,4.604469502701235,0.13932100700967698,24.0,160.0,0.2,300.0,0.0,0.0,1.0,1.2,65.90821196667075,32.6
178,46,Visible-light-driven N-(BiO)2CO3/Graphene oxide composites with improved photocatalytic activity and selectivity for Nox removal,2018,BOC,1.0,0.0,0.0,0.0,0.0,0.0,0.0,0.0,0.0,1.0,0.0,2.32,3.26,40.6,0.01371796588527701,12.455591074940934,229.77512732626482,0.2,300.0,0.0,0.0,1.0,2.2446498158191828,65.14244770153363,11.8
179,46,Visible-light-driven N-(BiO)2CO3/Graphene oxide composites with improved photocatalytic activity and selectivity for Nox removal,2018,BOC-GO-1,1.0,0.0,0.0,0.0,0.0,0.0,0.0,0.0,0.0,1.0,0.0,5.47,2.8067343293337936,12.200639145229003,0.0354903663242124,6.114317638505613,307.8357484857988,0.2,300.0,0.0,0.0,1.0,2.125820482356011,52.58255403626386,21.3
180,46,Visible-light-driven N-(BiO)2CO3/Graphene oxide composites with improved photocatalytic activity and selectivity for Nox removal,2018,NBOC,1.0,0.0,0.0,0.0,0.0,1.0,0.0,0.0,0.0,1.0,0.0,25.31,2.94,0.5,0.11926236954224287,10.200318650019875,264.7606864582494,0.2,300.0,0.0,0.0,1.0,2.834411257665366,61.380473808036285,40.6
184,46,Visible-light-driven N-(BiO)2CO3/Graphene oxide composites with improved photocatalytic activity and selectivity for Nox removal,2018,NBOC-GO-1.5,1.0,0.0,0.0,0.0,0.0,1.5,0.0,0.0,0.0,1.0,0.0,22.64,2.6081082910239,9.512885391751853,0.13837300935249436,9.581366699935744,285.80154777919995,0.2,300.0,0.0,0.0,1.0,2.1569026872028934,54.084511328858454,47.0
185,47,Plasmonic Bi metal as cocatalyst and photocatalyst: The case of Bi/(BiO)2CO3 and Bi particles,2017,BOC,1.0,0.0,0.0,0.0,0.0,0.0,0.0,0.0,1.0,0.0,0.0,45.0,3.016032656279508,20.199631144938106,0.11,23.634835691296455,161.50555019042142,0.2,150.0,0.0,0.0,1.0,2.4,50.0,23.7
187,48,Visible-light-driven N-(BiO) 2 CO 3 /Graphene oxide composites with improved photocatalytic activity and selectivity for NOx removal,2018, BOC,1.0,0.0,0.0,0.0,0.0,0.0,0.0,0.0,1.0,0.0,0.0,2.32,3.26,40.6,0.01306514548499082,23.9995587749349,160.00550826661097,0.2,300.0,0.0,0.0,1.0,2.400012777059742,50.00074671210464,11.8
188,49,Synergetic effects of I? ions and BiOI on visible-light-activity enhancement of wide-band-gap (BiO)2CO3,2017,N-BOC,1.0,0.0,0.0,0.0,0.0,1.0,0.0,0.0,1.0,0.0,0.0,25.31,2.94,0.5,0.10998289549179922,4.7170574967902175,322.47140186858195,0.2,300.0,0.0,0.0,1.0,2.9080822231978587,55.16428219343627,40.6
192,51,Tuning the Morphological Structure and Photocatalytic Activity of Nitrogen-Doped (BiO)2CO3 by the Hydrothermal Temperature,2015,N-BOC-180,1.0,0.0,0.0,0.0,0.0,1.0,0.0,0.0,1.0,0.0,0.0,21.0,2.98750352893326,14.591626763536404,0.1553825894805522,24.0,180.0,0.1,100.0,1.0,0.0,0.0,2.4,70.0,44.1
194,52,Study on the effective removal of NO by light-driven N-BiOCl,2022,BiOCl,0.0,1.0,0.0,0.0,0.0,0.0,0.0,0.0,0.0,1.0,0.0,6.9,3.25,25.638374348901884,0.03,24.0,180.0,0.3,300.0,0.0,0.0,1.0,0.1,57.3278322942444,60.0
195,52,Study on the effective removal of NO by light-driven N-BiOCl,2022,N-BiOCl,0.0,1.0,0.0,0.0,0.0,3.0,0.0,0.0,0.0,1.0,0.0,11.6,3.1,7.0,0.04,24.0,180.0,0.3,300.0,0.0,0.0,1.0,0.1,69.99999980913987,50.0
196,53,Facile Synthesis of TernaryMg-C3N4@BiOCl/Bi12O17Cl2 Composites With Excellent Visible Light Photocatalytic Activity for NO Removal,2019,BOC-CN,1.0,0.0,0.0,0.0,0.0,0.0,0.0,1.0,0.0,0.0,1.0,32.8,2.9505229962804345,14.969796529745013,0.176,24.0,60.0,0.2,100.0,1.0,0.0,0.0,2.4,50.0,46.8
197,53,Facile Synthesis of TernaryMg-C3N4@BiOCl/Bi12O17Cl2 Composites With Excellent Visible Light Photocatalytic Activity for NO Removal,2019,BiOBr/C3N4,0.0,1.0,0.0,0.0,0.0,0.0,0.0,1.0,0.0,0.0,1.0,39.7828273852558,2.8670426812146235,14.596388097330632,0.1873453796083135,24.0,60.0,0.2,100.0,1.0,0.0,0.0,2.4,50.0,32.7
200,55,2D BiOCl/Bi12O17Cl2 nanojunction: Enhanced visible light photocatalytic NO removal and in situ DRIFTS investigation,2018,BiOCl,0.0,1.0,0.0,0.0,0.0,0.0,0.0,0.0,0.0,0.0,1.0,31.176124955637505,3.2,15.889173917263701,0.09185383421115302,24.0,150.0,0.2,150.0,1.0,0.0,0.0,2.4,50.0,25.8
201,55,2D BiOCl/Bi12O17Cl2 nanojunction: Enhanced visible light photocatalytic NO removal and in situ DRIFTS investigation,2018,BiOCl/Bi12O17Cl2,1.0,1.0,0.0,0.0,0.0,0.0,0.0,1.0,0.0,0.0,1.0,32.47187029420906,2.77,15.835867755106666,0.09360141415545788,24.0,150.0,0.2,150.0,1.0,0.0,0.0,2.4,50.0,37.2
202,56,Facets and defects cooperatively promote visible light plasmonic photocatalysis with Bi nanowires@BiOCl nanosheets,2016,B001-Bi10,0.0,1.0,0.0,0.0,0.0,0.0,0.0,1.0,0.0,1.0,0.0,9.4,3.17,13.824032682789795,0.019729913481063,24.0,160.0,0.2,150.0,1.0,0.0,0.0,2.4,50.0,30.0
204,57,Boosting Visible-Light-Driven Photo-oxidation of BiOCl by Promoted Charge Separation via Vacancy Engineering,2019,BiOCl,0.0,1.0,0.0,0.0,0.0,0.0,0.0,0.0,0.0,1.0,0.0,12.093042427112993,3.4,22.80751260653313,0.15489128553668333,16.0,170.0,0.2,300.0,0.0,0.0,1.0,2.4,50.0,26.0
206,58,Bi quantum dots implanted 2D C-doped BiOCl nanosheets: Enhanced visible light photocatalysis efficiency and reaction pathway,2020,C/BOC/B-1,0.0,1.0,0.0,0.0,0.0,1.0,0.0,1.0,0.0,1.0,0.0,42.29300605400642,3.1,15.362941202086825,0.1902122415467417,18.0,180.0,0.2,150.0,0.0,0.0,1.0,2.293651128682436,48.81780846252326,31.0
207,58,Bi quantum dots implanted 2D C-doped BiOCl nanosheets: Enhanced visible light photocatalysis efficiency and reaction pathway,2020,C/BOC/B-1.5,0.0,1.0,0.0,0.0,0.0,1.5,0.0,1.0,0.0,1.0,0.0,41.70222088737454,2.9968908338178326,14.90058570720473,0.20054908717101852,18.0,180.0,0.2,150.0,0.0,0.0,1.0,2.2959548346555296,48.25753364653939,40.6
208,58,Bi quantum dots implanted 2D C-doped BiOCl nanosheets: Enhanced visible light photocatalysis efficiency and reaction pathway,2020,C/BOC/B-2,0.0,1.0,0.0,0.0,0.0,2.0,0.0,1.0,0.0,1.0,0.0,43.042749276321565,2.853389950873729,14.78734130927912,0.20599829473693118,18.0,180.0,0.2,150.0,0.0,0.0,1.0,2.293063847146458,47.56846610434307,38.0
217,61,Photocatalytic NOx Oxidation of BiOCl Nanostructure-Based Films Grown Using Aerosol-Assisted Chemical Vapor Deposition,2023,BD,0.0,1.0,0.0,0.0,0.0,0.0,0.0,0.0,0.0,1.0,0.0,6.9,3.25,26.208552180951312,0.03,24.0,400.0,0.3,300.0,0.0,0.0,1.0,0.1,65.55336667294573,60.0
218,61,Photocatalytic NOx Oxidation of BiOCl Nanostructure-Based Films Grown Using Aerosol-Assisted Chemical Vapor Deposition,2023,BDN,0.0,1.0,0.0,0.0,0.0,3.0,0.0,0.0,0.0,1.0,0.0,11.6,3.1,7.0,0.04,24.0,400.0,0.3,300.0,0.0,0.0,1.0,0.1,66.07660509353448,50.0
219,61,Photocatalytic NOx Oxidation of BiOCl Nanostructure-Based Films Grown Using Aerosol-Assisted Chemical Vapor Deposition,2023,BAT,0.0,1.0,0.0,0.0,0.0,1.0,0.0,1.0,0.0,1.0,0.0,10.8,3.1,15.245553909593793,0.10995690637422331,18.0,400.0,0.2,150.0,0.0,0.0,1.0,2.399999925979811,50.24925440830902,30.0
220,61,Photocatalytic NOx Oxidation of BiOCl Nanostructure-Based Films Grown Using Aerosol-Assisted Chemical Vapor Deposition,2023,BEA,0.0,1.0,0.0,0.0,0.0,1.5,0.0,1.0,0.0,1.0,0.0,9.4,3.17,15.242056122377399,0.1099449020924729,18.0,400.0,0.2,150.0,0.0,0.0,1.0,2.400000177314392,50.21031615524141,41.0
221,61,Photocatalytic NOx Oxidation of BiOCl Nanostructure-Based Films Grown Using Aerosol-Assisted Chemical Vapor Deposition,2023,BMH,0.0,1.0,0.0,0.0,0.0,2.0,0.0,1.0,0.0,1.0,0.0,13.8,3.22,15.092124829908066,0.10998073475884534,18.0,400.0,0.2,150.0,0.0,0.0,1.0,2.400000017775577,50.35972973262293,38.0
222,62,Oxygen vacancies on the BiOCl surface promoted photocatalytic complete NO oxidation via superoxide radicals,2020,OV-BCl-1,0.0,1.0,0.0,0.0,0.0,0.0,1.0,0.0,0.0,1.0,0.0,7.18,3.39,7.9939459346638655,0.04,24.0,180.0,0.2,150.0,1.0,0.0,0.0,2.4,50.0,12.5
223,62,Oxygen vacancies on the BiOCl surface promoted photocatalytic complete NO oxidation via superoxide radicals,2020,OV-BCl-2,0.0,1.0,0.0,0.0,0.0,0.0,1.0,0.0,0.0,1.0,0.0,5.82,3.43,7.700630932718041,0.03,24.0,180.0,0.2,150.0,1.0,0.0,0.0,2.4,50.0,8.0
225,63,Ag/AgCl nanoparticles assembled on BiOCl/Bi12O17Cl2 nanosheets: Enhanced plasmonic visible light photocatalysis and in situ DRIFTS investigation,2018,BOC,0.0,1.0,0.0,0.0,0.0,0.0,0.0,0.0,0.0,1.0,0.0,29.7,3.2,15.232582121522388,0.158,24.0,180.0,0.2,150.0,1.0,0.0,0.0,2.4,50.0,37.2
227,63,Ag/AgCl nanoparticles assembled on BiOCl/Bi12O17Cl2 nanosheets: Enhanced plasmonic visible light photocatalysis and in situ DRIFTS investigation,2018,1:2 Ag/AgCl@BOC,0.0,1.0,0.0,0.0,0.0,2.0,0.0,1.0,0.0,1.0,0.0,23.1,2.5289904534433516,14.347588303269807,0.124,24.0,180.0,0.2,150.0,1.0,0.0,0.0,2.4,50.0,49.5
228,63,Ag/AgCl nanoparticles assembled on BiOCl/Bi12O17Cl2 nanosheets: Enhanced plasmonic visible light photocatalysis and in situ DRIFTS investigation,2018,1:5 Ag/AgCl@BOC,0.0,1.0,0.0,0.0,0.0,5.0,0.0,1.0,0.0,1.0,0.0,26.5,2.5986413710034535,14.20197877300101,0.125,24.0,180.0,0.2,150.0,1.0,0.0,0.0,2.4,50.0,50.0
229,64,Molecular oxygen activation enhancement by BiOBr0.5I0.5/BiOI utilizing the synergistic effect of solid solution and heterojunctions for photocatalytic NO removal,2020, BiOBr0.5I0.5/BiOI,0.0,1.0,0.0,0.0,0.0,0.0,0.0,1.0,0.0,1.0,0.0,35.0,2.844241918795421,2.6532835341081014,0.10748493283172048,12.0,100.0,0.15,300.0,0.0,0.0,1.0,3.2292705104330452,63.47661239980843,36.2
230,64,Molecular oxygen activation enhancement by BiOBr0.5I0.5/BiOI utilizing the synergistic effect of solid solution and heterojunctions for photocatalytic NO removal,2020,BiOBr0.5I0.5,0.0,1.0,0.0,0.0,0.0,0.0,0.0,1.0,0.0,1.0,0.0,8.2,1.9,32.13286056584405,0.11321372453316646,12.0,100.0,0.15,300.0,0.0,0.0,1.0,3.2318422271035585,67.96495876211534,22.3
237,67,Synergetic effect of BiOCl/Bi12O17Cl2 and MoS2: in situ DRIFTS investigation on photocatalytic NO oxidation pathway,2019,BOC-MS-0.5,0.0,1.0,0.0,0.0,0.0,0.5,0.0,1.0,0.0,0.0,1.0,26.3,1.8611361761119465,15.23146322838396,0.158,4.0,60.0,0.2,150.0,1.0,0.0,0.0,2.4,50.0,32.0
239,67,Synergetic effect of BiOCl/Bi12O17Cl2 and MoS2: in situ DRIFTS investigation on photocatalytic NO oxidation pathway,2019,BOC-MS-3.0,0.0,1.0,0.0,0.0,0.0,3.0,0.0,1.0,0.0,0.0,1.0,31.1,1.909394715554721,14.999185535006767,0.162,4.0,60.0,0.2,150.0,1.0,0.0,0.0,2.4,50.0,41.0
241,68,Visible-light-driven N-(BiO) 2 CO 3 /Graphene oxide composites with improved photocatalytic activity and selectivity for NOx removal,2018, BOC,1.0,0.0,0.0,0.0,0.0,0.0,0.0,0.0,1.0,0.0,0.0,2.32,3.26,40.6,0.09396440856893269,24.0,160.0,0.2,300.0,0.0,0.0,1.0,2.4,50.0,11.8
242,69,Construction of BiOCl/CuBi2O4 S-scheme heterojunction with oxygen vacancy for enhanced photocatalytic diclofenac degradation and nitric oxide removal,2021,BOC,1.0,0.0,0.0,0.0,0.0,0.0,0.0,0.0,0.0,1.0,0.0,3.12,3.1570087775481586,39.239890121826384,0.12130843814731858,12.0,160.0,0.2,300.0,0.0,0.0,1.0,2.4,70.0,29.0
248,71,Effect of oxygen vacancies on the photocatalytic activity of flower-like BiOBr microspheres towards NO oxidation and CO2 reduction,2023,BrGL40,0.0,1.0,0.0,0.0,0.0,0.0,1.0,0.0,0.0,1.0,0.0,16.0,2.83,11.98,0.15,24.0,160.0,0.2,30.0,0.0,1.0,0.0,2.0,70.0,14.85
249,71,Effect of oxygen vacancies on the photocatalytic activity of flower-like BiOBr microspheres towards NO oxidation and CO2 reduction,2023,BrGL80,0.0,1.0,0.0,0.0,0.0,0.0,1.0,0.0,0.0,1.0,0.0,7.0,2.78,13.3,0.05,24.0,160.0,0.2,30.0,0.0,1.0,0.0,2.0,70.0,40.38
252,72,Change in photocatalytic NO removal mechanisms of ultrathin BiOBr/BiOI via NO3– adsorption,2019,BiOBr/BiOI-U,0.0,1.0,0.0,0.0,0.0,3.0,0.0,0.0,0.0,1.0,0.0,11.6,3.1,7.0,0.04,24.0,180.0,0.3,300.0,0.0,0.0,1.0,0.1,70.0,50.0
253,73,Ternary heterostructural BiOBr0.5I0.5/BiOBr/BiOI engineering for efficient photocatalytic NO removal via synergistic effects of enhanced carrier and exciton photocatalysis,2019,"BiOBr
0.5I0.5/
BiOBr/BiOI",0.0,1.0,0.0,0.0,0.0,0.0,0.0,1.0,0.0,1.0,0.0,28.08,2.8871283599960895,1.107712025775974,0.10978207319842372,12.0,100.0,0.15,300.0,0.0,0.0,1.0,3.266661651655311,62.61303148230772,47.9
254,73,Ternary heterostructural BiOBr0.5I0.5/BiOBr/BiOI engineering for efficient photocatalytic NO removal via synergistic effects of enhanced carrier and exciton photocatalysis,2019,BiOBr0.5I0.5,0.0,1.0,0.0,0.0,0.0,0.0,0.0,1.0,0.0,1.0,0.0,6.65,2.2018491566895904,35.99706421808877,0.11107961966429297,12.0,100.0,0.15,300.0,0.0,0.0,1.0,3.203434821998664,67.59416216693474,29.7
259,74,Optimizing the Electronic Structure of BiOBr Nanosheets via Combined Ba Doping and Oxygen Vacancies for Promoted Photocatalysis,2021,BBA-3,0.0,1.0,0.0,0.0,0.0,10.0,0.0,0.0,0.0,1.0,0.0,29.20478301971713,2.55,13.977009519361362,0.13544064526230945,24.0,180.0,0.2,150.0,1.0,0.0,0.0,2.4,44.933171504144966,42.0
264,76,An atomic insight into BiOBr/La2Ti2O7 p–n heterojunctions: interfacial charge transfer pathway and photocatalysis mechanism,2020,B-L-2,0.0,1.0,0.0,0.0,0.0,5.0,0.0,0.0,0.0,1.0,0.0,30.7,2.83,7.628927365631597,0.12489438113268016,24.0,200.0,0.2,150.0,1.0,0.0,0.0,2.4,48.71242187971061,43.0
269,78,BiOBr-BN Photocatalysts for Promoting Photocatalytic NO Oxidation and Inhibiting Toxic By-products,2020, BiOBr,0.0,1.0,0.0,0.0,0.0,0.0,0.0,1.0,0.0,1.0,0.0,9.018,1.9117252453527498,16.4,0.11092432444312647,5.0,900.0,0.1,150.0,1.0,0.0,0.0,2.0,50.137326493083876,26.4
272,79,Mechanisms of Interfacial Charge Transfer and Photocatalytic NO Oxidation on BiOBr/SnO2 p?n Heterojunctions,2020,B-S-4,0.0,1.0,0.0,0.0,0.0,5.0,0.0,0.0,0.0,1.0,0.0,36.938520242207524,2.240564522971028,15.094065935123252,0.11306408505678535,24.0,100.0,0.2,150.0,1.0,0.0,0.0,2.3999999817000286,49.99999961875059,50.3
275,80,Improving visible‐light‐driven photocatalytic NO oxidation over BiOBr nanoplates through tunable oxygen vacancies,2018,BOB‐2C	,0.0,1.0,0.0,0.0,0.0,0.0,1.0,0.0,0.0,1.0,0.0,12.68,2.5,6.65329024263828,0.0011,24.0,160.0,0.2,150.0,0.0,0.0,1.0,2.277789986417896,56.34071883786733,32.1
276,80,Improving visible‐light‐driven photocatalytic NO oxidation over BiOBr nanoplates through tunable oxygen vacancies,2018,BOB‐3C	,0.0,1.0,0.0,0.0,0.0,0.0,1.0,0.0,0.0,1.0,0.0,15.34,2.45,6.890255315940982,1.5e-05,24.0,160.0,0.2,150.0,0.0,0.0,1.0,2.2200545764019117,59.3347425925293,38.7
278,81,Surface Boronizing Can Weaken the Excitonic Effects of BiOBr Nanosheets for Efficient O2 Activation and Selective NO Oxidation under Visible Light Irradiation,2022,B-BiOBr-0.5,0.0,1.0,0.0,0.0,0.0,0.5,0.0,0.0,0.0,1.0,0.0,7.08,2.77,11.668381197467992,0.1381140970398358,18.0,160.0,0.15,300.0,0.0,0.0,1.0,1.0,30.0,23.0
281,82,Bi Cocatalyst/Bi2MoO6 Microspheres Nanohybrid with SPR-Promoted Visible-Light Photocatalysis,2016,Bi2MoO6,0.0,0.0,1.0,0.0,0.0,0.0,0.0,0.0,0.0,1.0,0.0,23.0,2.5999138035798905,15.29920463636188,0.17,20.0,160.0,0.2,150.0,1.0,0.0,0.0,2.4,50.0,18.4
282,82,Bi Cocatalyst/Bi2MoO6 Microspheres Nanohybrid with SPR-Promoted Visible-Light Photocatalysis,2016,Bi?Mo-10,0.0,0.0,1.0,0.0,0.0,1.0,0.0,0.0,0.0,1.0,0.0,52.0,2.758275322222778,19.63066637452627,0.3,20.0,160.0,0.2,150.0,1.0,0.0,0.0,2.4,50.0,32.3
286,83,2D/3D g-C3N4/BiOI heterostructure catalyst for efficient and robust photocatalytic NO removal,2023, BiOI,0.0,1.0,0.0,0.0,0.0,0.0,1.0,0.0,0.0,1.0,0.0,16.0,2.83,11.98,0.15,24.0,160.0,0.2,30.0,0.0,1.0,0.0,2.0,70.0,14.85
287,83,2D/3D g-C3N4/BiOI heterostructure catalyst for efficient and robust photocatalytic NO removal,2023,g-C3N4/BiOI,0.0,1.0,0.0,0.0,0.0,0.0,1.0,0.0,0.0,1.0,0.0,7.0,2.78,13.3,0.05,24.0,160.0,0.2,30.0,0.0,1.0,0.0,2.0,70.0,40.38
292,85,Synergistic integration of metallic Bi and defects on BiOI: Enhanced photocatalytic NO removal and conversion pathway,2019,Bi/BiOI-2,0.0,1.0,0.0,0.0,0.0,2.0,0.0,1.0,0.0,1.0,0.0,5.0,2.7255216724034126,5.193336202188947,0.043,24.0,160.0,0.1,150.0,1.0,0.0,0.0,2.4,58.1594927428878,40.8
293,85,Synergistic integration of metallic Bi and defects on BiOI: Enhanced photocatalytic NO removal and conversion pathway,2019,Bi/BiOI-3,0.0,1.0,0.0,0.0,0.0,3.0,0.0,1.0,0.0,1.0,0.0,4.1,2.744121111193348,5.0934252658054255,0.017,24.0,160.0,0.1,150.0,1.0,0.0,0.0,2.4,61.29282191631108,32.3
294,85,Synergistic integration of metallic Bi and defects on BiOI: Enhanced photocatalytic NO removal and conversion pathway,2019,Bi/BiOI-5,0.0,1.0,0.0,0.0,0.0,5.0,0.0,1.0,0.0,1.0,0.0,4.3,2.797127789156133,5.412715099041469,0.028,24.0,160.0,0.1,150.0,1.0,0.0,0.0,2.4,59.04478381371758,25.6
295,86,"Enhancing visible-light-induced photocatalytic activity of BiOI microspheres
for NO removal by synchronous coupling with Bi metal and graphene",2019,160BOI,0.0,1.0,0.0,0.0,0.0,0.0,0.0,0.0,0.0,1.0,0.0,61.17,1.8,7.753578255497221,0.21082284573524415,18.0,160.0,0.1,300.0,0.0,1.0,0.0,4.0,68.77179198742328,37.2
296,86,"Enhancing visible-light-induced photocatalytic activity of BiOI microspheres
for NO removal by synchronous coupling with Bi metal and graphene",2019,160BOI/GR,0.0,1.0,0.0,0.0,0.0,0.0,0.0,1.0,0.0,1.0,0.0,75.09,1.8,7.853509182913203,0.18573732867411447,18.0,160.0,0.1,300.0,0.0,1.0,0.0,4.0,68.80696809198197,41.8
304,88,"Synthesis, modification and purification of nitric oxide by bismuth iodide photocatalyst",2021,BiOCl,0.0,1.0,0.0,0.0,0.0,0.0,0.0,0.0,0.0,1.0,0.0,6.9,3.25,25.638374348901884,0.03,24.0,180.0,0.3,300.0,0.0,0.0,1.0,0.1,57.3278322942444,60.0
305,88,"Synthesis, modification and purification of nitric oxide by bismuth iodide photocatalyst",2021,N-BiOCl,0.0,1.0,0.0,0.0,0.0,3.0,0.0,0.0,0.0,1.0,0.0,11.6,3.1,7.0,0.04,24.0,180.0,0.3,300.0,0.0,0.0,1.0,0.1,69.99999980913987,50.0
307,89,Unraveling the Mechanisms of Visible Light Photocatalytic NO Purification on Earth-Abundant Insulator-Based Core?Shell Heterojunctions,2018,Sr-B-3,0.0,1.0,0.0,0.0,0.0,3.0,0.0,0.0,0.0,1.0,0.0,29.0,2.9507305460751336,1.6963333750632317,0.132,24.0,180.0,0.2,300.0,0.0,0.0,1.0,2.4,50.0,46.2
308,89,Unraveling the Mechanisms of Visible Light Photocatalytic NO Purification on Earth-Abundant Insulator-Based Core?Shell Heterojunctions,2018,Sr-B-4,0.0,1.0,0.0,0.0,0.0,4.0,0.0,0.0,0.0,1.0,0.0,26.0,2.9457361735362837,1.004996463544693,0.135,24.0,180.0,0.2,300.0,0.0,0.0,1.0,2.4,50.0,48.3
309,89,Unraveling the Mechanisms of Visible Light Photocatalytic NO Purification on Earth-Abundant Insulator-Based Core?Shell Heterojunctions,2018,Sr-B-5,0.0,1.0,0.0,0.0,0.0,5.0,0.0,0.0,0.0,1.0,0.0,37.0,2.9113084643970057,2.8279715312245335,0.177,24.0,180.0,0.2,300.0,0.0,0.0,1.0,2.4,50.0,35.8
312,90,Heterostructured BiOI@La(OH)3 nanorods with enhanced visible light photocatalytic NO removal,2017,Bi/La‐100%,0.0,1.0,0.0,0.0,0.0,10.0,0.0,0.0,0.0,1.0,0.0,64.8,2.8042920872856634,7.4927650988214,0.43,8.0,180.0,0.1,150.0,1.0,0.0,0.0,2.4,29.178824362869932,35.9
313,90,Heterostructured BiOI@La(OH)3 nanorods with enhanced visible light photocatalytic NO removal,2017,Bi/La‐150%,0.0,1.0,0.0,0.0,0.0,15.0,0.0,0.0,0.0,1.0,0.0,74.9,2.837753841550669,6.958210835022703,0.44,8.0,180.0,0.1,150.0,1.0,0.0,0.0,2.4,28.579354474870197,50.5
314,90,Heterostructured BiOI@La(OH)3 nanorods with enhanced visible light photocatalytic NO removal,2017,Bi/La‐200%,0.0,1.0,0.0,0.0,0.0,20.0,0.0,0.0,0.0,1.0,0.0,75.2,2.8334416058769287,6.928749475750556,0.44,8.0,180.0,0.1,150.0,1.0,0.0,0.0,2.4,28.15173779911215,48.6
315,91,Uniform Zn2+-Doped BiOI Microspheres Assembled by Ultrathin Nanosheets with Tunable Oxygen Vacancies for Super-Stable Removal of NO,2019,2%Zn-BiOI,0.0,1.0,0.0,0.0,0.0,2.0,0.0,0.0,0.0,1.0,0.0,39.98044762784754,2.957124344897801,12.14623767852097,0.1330017105821979,12.0,160.0,0.15,300.0,0.0,0.0,1.0,2.762672904046065,66.19100726685087,48.16
316,91,Uniform Zn2+-Doped BiOI Microspheres Assembled by Ultrathin Nanosheets with Tunable Oxygen Vacancies for Super-Stable Removal of NO,2019,3%Zn-BiOI,0.0,1.0,0.0,0.0,0.0,3.0,0.0,0.0,0.0,1.0,0.0,76.134,2.3252750410409115,7.639164888522289,0.18442139378911868,12.0,160.0,0.15,300.0,0.0,0.0,1.0,2.181977017672478,61.49790060394657,53.6
317,91,Uniform Zn2+-Doped BiOI Microspheres Assembled by Ultrathin Nanosheets with Tunable Oxygen Vacancies for Super-Stable Removal of NO,2019,4%Zn-BiOI,0.0,1.0,0.0,0.0,0.0,4.0,0.0,0.0,0.0,1.0,0.0,50.770392560338806,2.9204709826026356,6.093272321521849,0.13744977869461097,12.0,160.0,0.15,300.0,0.0,0.0,1.0,2.813300927533182,58.418811452224624,49.38
318,91,Uniform Zn2+-Doped BiOI Microspheres Assembled by Ultrathin Nanosheets with Tunable Oxygen Vacancies for Super-Stable Removal of NO,2019,5%Zn-BiOI,0.0,1.0,0.0,0.0,0.0,5.0,0.0,0.0,0.0,1.0,0.0,34.27299459858981,2.928351477690988,3.57584408145116,0.14132963067043638,12.0,160.0,0.15,300.0,0.0,0.0,1.0,2.7832147435125183,54.65738223726194,47.77
320,93,Promotion mechanism of –OH group intercalation for NOx purification on BiOI photocatalyst,2021,BOI(0:100),0.0,1.0,0.0,0.0,0.0,0.0,0.0,0.0,0.0,1.0,0.0,25.5,1.84,15.3,0.1513841113080943,14.623218133000886,164.36065335924556,0.1,150.0,1.0,0.0,0.0,2.400000054934048,50.000001588181206,24.3
322,93,Promotion mechanism of –OH group intercalation for NOx purification on BiOI photocatalyst,2021,BOI(100:0),0.0,1.0,0.0,0.0,0.0,0.0,0.0,0.0,0.0,1.0,0.0,29.6,1.88,15.2,0.15649529972423695,17.226060831749944,175.20015436557244,0.1,150.0,1.0,0.0,0.0,2.400000071329446,50.000001635278196,31.2
324,94,Controlling interfacial contact and exposed facets for enhancing photocatalysis via 2D–2D heterostructures,2015,BiOIO3/BiOI(6:1),0.0,1.0,0.0,0.0,0.0,0.0,0.0,1.0,0.0,1.0,0.0,11.3,3.1,14.986636434376061,0.04707361586794576,6.0,150.0,0.1,150.0,1.0,0.0,0.0,3.3,50.0,23.4
325,94,Controlling interfacial contact and exposed facets for enhancing photocatalysis via 2D–2D heterostructures,2015,BiOIO3/BiOI (3:1),0.0,1.0,0.0,0.0,0.0,0.0,0.0,1.0,0.0,1.0,0.0,11.8,3.12,15.020108806557605,0.047800525548317076,6.0,150.0,0.1,150.0,1.0,0.0,0.0,3.3,50.0,41.3
326,94,Controlling interfacial contact and exposed facets for enhancing photocatalysis via 2D–2D heterostructures,2015,BiOIO3/BiOI (1:1),0.0,1.0,0.0,0.0,0.0,0.0,0.0,1.0,0.0,1.0,0.0,11.4,3.09,14.993407850401542,0.047216563855244975,6.0,150.0,0.1,150.0,1.0,0.0,0.0,3.3,50.0,35.6
327,95,Interfacial activation of reactants and intermediates on CaSO4 insulatorbased heterostructure for efficient photocatalytic NO removal,2020,CB2,0.0,1.0,0.0,0.0,0.0,0.0,1.0,0.0,0.0,1.0,0.0,16.0,2.83,11.98,0.15,24.0,160.0,0.2,30.0,0.0,1.0,0.0,2.0,70.0,21.8
328,95,Interfacial activation of reactants and intermediates on CaSO4 insulatorbased heterostructure for efficient photocatalytic NO removal,2020,CB3,0.0,1.0,0.0,0.0,0.0,0.0,1.0,0.0,0.0,1.0,0.0,7.0,2.78,13.3,0.05,24.0,160.0,0.2,30.0,0.0,1.0,0.0,2.0,70.0,29.4
331,96,"Synergetic Effects of Pd0 Metal Nanoparticles and Pd2+ Ions on
Enhanced Photocatalytic Activity of ZnWO4 Nanorods for Nitric Oxide Removal",2019,0.5% Pd2+/ZnWO4 ,0.0,1.0,0.0,0.0,0.0,0.5,0.0,0.0,0.0,1.0,0.0,60.0,2.56,14.921815340934552,0.12,20.0,160.0,0.2,150.0,1.0,0.0,0.0,2.4,50.0,52.69
332,96,"Synergetic Effects of Pd0 Metal Nanoparticles and Pd2+ Ions on
Enhanced Photocatalytic Activity of ZnWO4 Nanorods for Nitric Oxide Removal",2019,1.5% Pd0/ZnWO4,0.0,1.0,0.0,0.0,0.0,1.5,0.0,0.0,0.0,1.0,0.0,74.9,3.035743713560733,9.252736273239753,0.44,20.0,180.0,0.2,150.0,1.0,0.0,0.0,2.4,50.0,50.08
333,97,A direct Z-scheme Bi2WO6/NH2-UiO-66 nanocomposite as an efficient visible-light-driven photocatalyst for NO removal,2020,Bi2WO6,0.0,0.0,1.0,0.0,0.0,0.0,0.0,1.0,0.0,1.0,0.0,52.67,2.82,4.336341609476436,0.3817,12.0,120.0,0.05,500.0,0.0,0.0,1.0,0.8,51.417794169382645,29.0
335,97,A direct Z-scheme Bi2WO6/NH2-UiO-66 nanocomposite as an efficient visible-light-driven photocatalyst for NO removal,2020,BWO/0.5NU,0.0,0.0,1.0,0.0,0.0,0.5,0.0,1.0,0.0,1.0,0.0,313.2,2.86,3.824256308711125,0.4024,12.0,120.0,0.05,500.0,0.0,0.0,1.0,0.8,50.8465080019346,63.0
336,98,Insight into the effect of bromine on facet-dependent surface oxygen vacancies construction and stabilization of Bi2MoO6 for efficient photocatalytic NO removal,2020,BMO-001,0.0,0.0,1.0,0.0,0.0,0.0,0.0,1.0,0.0,1.0,0.0,4.7,2.45,12.690901794593213,0.10660140735135717,72.0,140.0,0.1,30.0,0.0,1.0,0.0,1.0,68.03312625695033,17.9
338,98,Insight into the effect of bromine on facet-dependent surface oxygen vacancies construction and stabilization of Bi2MoO6 for efficient photocatalytic NO removal,2020,BMO-010,0.0,0.0,1.0,0.0,0.0,0.0,0.0,1.0,0.0,1.0,0.0,5.5,2.65,12.688929214407105,0.10672323681995642,72.0,140.0,0.1,30.0,0.0,1.0,0.0,1.0,68.0334748593612,7.6
339,98,Insight into the effect of bromine on facet-dependent surface oxygen vacancies construction and stabilization of Bi2MoO6 for efficient photocatalytic NO removal,2020,BMO-010-Br,0.0,0.0,1.0,0.0,0.0,0.0,0.0,1.0,0.0,1.0,0.0,5.7,2.65,12.688435739424259,0.1067542092443867,72.0,140.0,0.1,30.0,0.0,1.0,0.0,1.0,68.03347662759418,8.3
343,101,Carbonate doped Bi2MoO6 hierarchical nanostructure with enhanced transformation of active radicals for efficient photocatalytic removal of NO,2019,10%-CO3-BMO,0.0,0.0,1.0,0.0,0.0,0.0,0.0,0.0,0.0,1.0,0.0,30.236383908722484,2.67,16.35367865858565,0.16751935882444147,18.0,160.0,0.2,150.0,1.0,0.0,0.0,2.4000000560249166,50.25069379930374,18.0
345,101,Carbonate doped Bi2MoO6 hierarchical nanostructure with enhanced transformation of active radicals for efficient photocatalytic removal of NO,2019,30%-CO3-BMO,0.0,0.0,1.0,0.0,0.0,0.0,0.0,0.0,0.0,1.0,0.0,30.157860458140785,2.59,16.309383301365134,0.16746777717779246,18.0,160.0,0.2,150.0,1.0,0.0,0.0,2.400000127093549,50.2504149190597,26.0
347,102,Self doping promoted photocatalytic removal of no under visible light with bi2moo6: Indispensable role of superoxide ions,2016,BM-0.05,0.0,0.0,1.0,0.0,0.0,0.05,0.0,0.0,0.0,1.0,0.0,17.9,2.3708791836235417,5.0,0.11355224150165098,12.0,160.0,0.15,30.0,0.0,1.0,0.0,1.0,69.552885600539,41.4
348,102,Self doping promoted photocatalytic removal of no under visible light with bi2moo6: Indispensable role of superoxide ions,2016,BM-0.1,0.0,0.0,1.0,0.0,0.0,0.1,0.0,0.0,0.0,1.0,0.0,17.9,2.34,6.67,0.11414082601808624,12.0,160.0,0.15,30.0,0.0,1.0,0.0,1.0,69.60091422253957,39.0
350,102,Self doping promoted photocatalytic removal of no under visible light with bi2moo6: Indispensable role of superoxide ions,2016,BM-0.2,0.0,0.0,1.0,0.0,0.0,0.2,0.0,0.0,0.0,1.0,0.0,15.1,2.6702124203203943,18.33,0.10637587924390979,12.0,160.0,0.15,30.0,0.0,1.0,0.0,1.0,69.62224718668209,25.6
351,103,In situ loading of MoO3 clusters on ultrathin Bi2MoO6 nanosheets for synergistically enhanced photocatalytic NO abatement,2021, M–BMO–5 %,0.0,0.0,1.0,0.0,0.0,5.0,0.0,0.0,0.0,1.0,0.0,34.67754702680322,2.5319829441550112,14.934652698958555,0.18907366252271962,16.0,180.0,0.2,150.0,1.0,0.0,0.0,2.4,20.0,32.1
352,103,In situ loading of MoO3 clusters on ultrathin Bi2MoO6 nanosheets for synergistically enhanced photocatalytic NO abatement,2021, M–BMO–10 %,0.0,0.0,1.0,0.0,0.0,10.0,0.0,0.0,0.0,1.0,0.0,45.26976862959133,2.6270397983719813,14.414064223618446,0.2278839949449846,16.0,180.0,0.2,150.0,1.0,0.0,0.0,2.4,20.0,39.6
353,103,In situ loading of MoO3 clusters on ultrathin Bi2MoO6 nanosheets for synergistically enhanced photocatalytic NO abatement,2021, M–BMO–20 %,0.0,0.0,1.0,0.0,0.0,20.0,0.0,0.0,0.0,1.0,0.0,54.9556159902107,2.6647142692294516,14.247140189090244,0.24708093280378227,16.0,180.0,0.2,150.0,1.0,0.0,0.0,2.4,20.0,30.2
355,104,Superoxide anion and singlet oxygen dominated faster photocatalytic elimination of nitric oxide over defective bismuth molybdates heterojunctions,2022,BMO-12,0.0,0.0,1.0,0.0,0.0,0.0,0.0,1.0,0.0,1.0,0.0,29.95,2.62,11.389086619788795,0.11412689486356319,12.0,140.0,0.1,30.0,0.0,1.0,0.0,1.4665544058956574,68.5344835635491,45.0
356,104,Superoxide anion and singlet oxygen dominated faster photocatalytic elimination of nitric oxide over defective bismuth molybdates heterojunctions,2022,BMO-24,0.0,0.0,1.0,0.0,0.0,0.0,0.0,1.0,0.0,1.0,0.0,21.34,2.48,11.401200365920308,0.11066946686636422,12.0,140.0,0.1,30.0,0.0,1.0,0.0,1.4794089009387166,68.90027307700271,39.0
361,106,Constructing Oxygen Vacancies on Bi2MoO6 Nanosheets by Aqueous Ammonia Etching with Enhanced Photocatalytic NO Oxidation Performance,2022,BMO-OH(10%),0.0,0.0,1.0,0.0,0.0,0.0,1.0,0.0,0.0,1.0,0.0,10.528621681281408,2.44,13.33,0.08854355107429887,24.0,160.0,0.19951615578754375,30.0,0.0,1.0,0.0,1.0,69.99255310026183,34.8
367,107,Insight into the mechanism of deep NO photo-oxidation by bismuth tantalate with oxygen vacancies,2022,BTO-9,0.0,0.0,1.0,0.0,0.0,9.0,1.0,0.0,0.0,1.0,0.0,26.178141435740223,2.8099368978652106,1.92,0.1298071393920736,24.0,200.0,0.2,150.0,1.0,0.0,0.0,2.4,50.00000140699951,33.4
368,107,Insight into the mechanism of deep NO photo-oxidation by bismuth tantalate with oxygen vacancies,2022,BTO-11,0.0,0.0,1.0,0.0,0.0,11.0,1.0,0.0,0.0,1.0,0.0,26.248957373224574,2.764359558339673,3.84,0.13245477203478298,24.0,200.0,0.2,150.0,1.0,0.0,0.0,2.4,50.000001041115915,32.6
373,109,Insight on photocatalytic oxidation of high concentration NO over BiOCl/ Bi2WO6 under visible light,2021,BiOI/BWO,0.0,1.0,1.0,0.0,0.0,0.5,0.0,1.0,0.0,1.0,0.0,313.2,2.86,3.824457864890172,0.4024,12.0,120.0,0.05,500.0,0.0,0.0,1.0,0.8,50.846966144919925,63.0
375,110,Modification of Bi2WO6 composites with rGO for enhanced visible light driven NO removal,2016,BG2,0.0,0.0,1.0,0.0,0.0,2.0,0.0,0.0,0.0,1.0,0.0,30.8,2.6,11.636885029629038,0.12110423925126348,12.0,120.0,0.2,50.0,0.0,0.0,1.0,1.5350589003168145,65.35777980563866,36.7
376,110,Modification of Bi2WO6 composites with rGO for enhanced visible light driven NO removal,2016,BG3,0.0,0.0,1.0,0.0,0.0,3.0,0.0,0.0,0.0,1.0,0.0,25.5,2.53,11.648882787129418,0.11925902660729434,12.0,120.0,0.2,50.0,0.0,0.0,1.0,1.5412702128499836,65.59304206697833,42.7
377,110,Modification of Bi2WO6 composites with rGO for enhanced visible light driven NO removal,2016,Bi2WO6,0.0,0.0,1.0,0.0,0.0,0.0,0.0,0.0,0.0,1.0,0.0,5.2,2.62,11.781741601225143,0.10850223400702712,12.0,120.0,0.2,50.0,0.0,0.0,1.0,1.6675241585374254,66.1245241505016,31.2
380,111,Efficient photothermal-assisted photocatalytic NO removal on molecular cobalt phthalocyanine/Bi2WO6 Z-scheme heterojunctions by promoting charge transfer and oxygen activation,2022,BW-CoPc 2%,0.0,0.0,1.0,0.0,0.0,2.0,0.0,1.0,0.0,1.0,0.0,21.8,2.8779417932744864,3.6,0.0913,24.0,160.0,0.3,150.0,1.0,0.0,0.0,1.2,70.0,50.0
381,111,Efficient photothermal-assisted photocatalytic NO removal on molecular cobalt phthalocyanine/Bi2WO6 Z-scheme heterojunctions by promoting charge transfer and oxygen activation,2022,BW-CoPc 3%,0.0,0.0,1.0,0.0,0.0,3.0,0.0,1.0,0.0,1.0,0.0,13.983785849025343,2.740220130327184,4.8,0.053276689630900605,24.0,160.0,0.3,150.0,1.0,0.0,0.0,1.2,70.0,52.0
382,112,"Palladium Nanoparticles Embedded Nutshell-like Bi2WO6 as an
Efficient and Stable Visible-Light-Responsive Photocatalysts for NO Removal",2022,Bi2WO6,0.0,0.0,1.0,0.0,0.0,0.0,0.0,0.0,0.0,1.0,0.0,30.932,2.75,11.25,0.124,18.0,160.0,0.05,300.0,1.0,0.0,0.0,0.129,68.29414249025469,43.0
384,112,"Palladium Nanoparticles Embedded Nutshell-like Bi2WO6 as an
Efficient and Stable Visible-Light-Responsive Photocatalysts for NO Removal",2022, Pd (0.5%)-Bi2WO6,0.0,0.0,1.0,0.0,0.0,0.5,0.0,0.0,0.0,1.0,0.0,21.92644502683843,2.736471759550648,12.075,0.12763700920485901,18.0,160.0,0.05,300.0,1.0,0.0,0.0,0.129,60.138884164190515,50.0
385,112,"Palladium Nanoparticles Embedded Nutshell-like Bi2WO6 as an
Efficient and Stable Visible-Light-Responsive Photocatalysts for NO Removal",2022,Pd (2%)-Bi2WO6 ,0.0,0.0,1.0,0.0,0.0,2.0,0.0,0.0,0.0,1.0,0.0,15.255413543039353,2.6411903799312504,5.55,0.156649370802148,18.0,160.0,0.05,300.0,1.0,0.0,0.0,0.129,60.61684394216387,46.0
386,112,"Palladium Nanoparticles Embedded Nutshell-like Bi2WO6 as an
Efficient and Stable Visible-Light-Responsive Photocatalysts for NO Removal",2022,Pd (1.5%)-Bi2WO6,0.0,0.0,1.0,0.0,0.0,1.5,0.0,0.0,0.0,1.0,0.0,13.667984856979155,2.6448927341898445,5.125,0.15908875425996175,18.0,160.0,0.05,300.0,1.0,0.0,0.0,0.129,60.01129673459967,43.0
391,114,Activation of amorphous Bi2WO6 with synchronous Bi metal and Bi2O3 coupling: Photocatalysis mechanism and reaction pathway,2018,BWO-0.5,0.0,0.0,1.0,0.0,0.0,0.5,0.0,0.0,0.0,1.0,0.0,41.24830322915394,2.8,15.263541342777517,0.11452452089617632,20.0,100.0,0.2,150.0,1.0,0.0,0.0,2.4,50.0,40.9
401,117,Ultrasonic Spray Pyrolysis Synthesis of Porous Bi2WO6 Microspheres and Their Visible-Light-Induced Photocatalytic Removal of NO,2020,Bi2WO6,0.0,0.0,1.0,0.0,0.0,0.0,0.0,0.0,1.0,0.0,0.0,15.226275178640535,2.6,21.63436428528336,0.11756029104907853,5.0,450.0,0.3,300.0,1.0,0.0,0.0,3.0,70.0,25.6
402,117,Ultrasonic Spray Pyrolysis Synthesis of Porous Bi2WO6 Microspheres and Their Visible-Light-Induced Photocatalytic Removal of NO,2020,BWO-400,0.0,0.0,1.0,0.0,0.0,0.0,0.0,0.0,1.0,0.0,0.0,15.055550553942275,2.81,21.524112367610897,0.11732547522555509,5.0,400.0,0.3,300.0,1.0,0.0,0.0,3.0,70.0,32.1
403,117,Ultrasonic Spray Pyrolysis Synthesis of Porous Bi2WO6 Microspheres and Their Visible-Light-Induced Photocatalytic Removal of NO,2020,BWO-500,0.0,0.0,1.0,0.0,0.0,0.0,0.0,0.0,1.0,0.0,0.0,15.023729008357583,2.85,22.008003408309467,0.11778256960545852,5.0,500.0,0.3,300.0,1.0,0.0,0.0,3.0,70.0,39.6
404,117,Ultrasonic Spray Pyrolysis Synthesis of Porous Bi2WO6 Microspheres and Their Visible-Light-Induced Photocatalytic Removal of NO,2020,BWO-600,0.0,0.0,1.0,0.0,0.0,0.0,0.0,0.0,1.0,0.0,0.0,10.0,2.92,29.769724508843407,0.11984181431648044,5.0,600.0,0.3,300.0,1.0,0.0,0.0,3.0,70.0,30.2
407,119,I?doped Bi2WO6 microflowers enhanced visible light photocatalytic activity for organic pollution degradation and NO removal,2019,Bi/I-S1,0.0,0.0,1.0,0.0,0.0,1.0,0.0,0.0,0.0,1.0,0.0,27.016,2.4,5.12,0.1407,12.0,180.0,0.108,300.0,0.0,0.0,1.0,3.2110640505941426,65.2665392591687,40.0
409,120,SPR effect of bismuth enhanced visible photoreactivity of Bi2WO6 for NO abatement,2019,BWO,0.0,0.0,1.0,0.0,0.0,0.0,0.0,0.0,0.0,1.0,0.0,45.1,2.84,18.53996756258284,0.09,10.0,180.0,0.3,150.0,0.0,1.0,0.0,1.0,46.3545975726878,12.3
410,120,SPR effect of bismuth enhanced visible photoreactivity of Bi2WO6 for NO abatement,2019,S0,0.0,0.0,1.0,0.0,0.0,0.0,0.0,0.0,0.0,1.0,0.0,43.0,2.829899356984712,18.169178498859434,0.12,10.0,180.0,0.3,150.0,0.0,1.0,0.0,1.0,45.068701355857925,7.7
414,120,SPR effect of bismuth enhanced visible photoreactivity of Bi2WO6 for NO abatement,2019,S10,0.0,0.0,1.0,0.0,0.0,10.0,0.0,1.0,0.0,1.0,0.0,40.9,2.7078888555606726,13.800590490049508,0.1,10.0,180.0,0.3,150.0,0.0,1.0,0.0,1.0,30.33408304636665,51.3
415,120,SPR effect of bismuth enhanced visible photoreactivity of Bi2WO6 for NO abatement,2019,S20,0.0,0.0,1.0,0.0,0.0,20.0,0.0,1.0,0.0,1.0,0.0,42.2,2.7965575618565826,15.195215148655087,0.09,10.0,180.0,0.3,150.0,0.0,1.0,0.0,1.0,27.164067362135857,44.5
416,121,Enhanced solar photocatalytic degradation of nitric oxide using graphene quantum dots/bismuth tungstate composite catalysts,2021,BWO,0.0,0.0,1.0,0.0,0.0,0.0,0.0,1.0,0.0,1.0,0.0,19.55,2.8,13.07059916772047,0.09948049660610428,24.0,180.0,0.08,150.0,0.0,0.0,1.0,0.2,70.0,36.0
418,122,Carbonate-intercalated defective bismuth tungstate for efficiently photocatalytic NO removal and promotion mechanism study,2019,BWO,0.0,0.0,1.0,0.0,0.0,0.0,0.0,0.0,0.0,1.0,0.0,30.63654556071905,2.75,16.446982280497362,0.1668883864672612,18.0,160.0,0.2,150.0,1.0,0.0,0.0,2.4,49.9999949833078,26.5
421,122,Carbonate-intercalated defective bismuth tungstate for efficiently photocatalytic NO removal and promotion mechanism study,2019,5%?CO3-BWO-VO,0.0,0.0,1.0,0.0,0.0,5.0,1.0,0.0,0.0,1.0,0.0,34.86085370288856,2.7,14.172808396143074,0.13172488453752856,18.0,160.0,0.2,150.0,1.0,0.0,0.0,2.4,53.36185445925458,52.4
425,125,Salt‐assisted Synthesis of Hollow Bi2WO6 Microspheres with Superior Photocatalytic Activity for NO Removal,2017,BWO,0.0,0.0,1.0,0.0,0.0,0.0,0.0,0.0,0.0,1.0,0.0,9.7,2.64435907446821,10.17134473920311,0.1346374649364922,18.0,160.0,0.3,300.0,1.0,0.0,0.0,3.0,70.0,25.7
426,125,Salt‐assisted Synthesis of Hollow Bi2WO6 Microspheres with Superior Photocatalytic Activity for NO Removal,2017,BWO‐KCl,0.0,0.0,1.0,0.0,0.0,0.0,0.0,0.0,0.0,1.0,0.0,11.2,2.7302754918155756,9.075247858389323,0.1346986599653671,18.0,160.0,0.3,300.0,1.0,0.0,0.0,3.0,70.0,30.0
427,125,Salt‐assisted Synthesis of Hollow Bi2WO6 Microspheres with Superior Photocatalytic Activity for NO Removal,2017,BWO‐Na2SO4	,0.0,0.0,1.0,0.0,0.0,0.0,0.0,0.0,0.0,1.0,0.0,10.450160291209906,2.655766441980089,13.695409010771844,0.16681509358304925,18.0,160.0,0.3,300.0,1.0,0.0,0.0,3.0,70.0,36.9
428,126,"Preparation, characterization, and mechanistic analysis of BiVO4/CaIn2S4 hybrids that photocatalyze NO removal under visible light",2016,BVO,0.0,0.0,0.0,1.0,0.0,0.0,0.0,0.0,0.0,1.0,0.0,2.74,2.48,35.979127122096806,0.1246699519361548,12.0,160.0,0.1,300.0,0.0,0.0,1.0,0.1,66.43869659136257,40.2
431,127,Multifunctional Mulberry-like BiVO4 Bi2O3 p-n Heterostructures with Enhanced both Photocatalytic Reduction and Oxidation Activities,2021,BVO,0.0,0.0,0.0,1.0,0.0,0.0,0.0,0.0,0.0,1.0,0.0,6.9,2.23,13.525896877315006,0.02684562154735163,24.0,160.0,0.2,150.0,1.0,0.0,0.0,2.4,50.0,25.6
432,128,Morphology-dependent photocatalytic removal of NO by hierarchical BiVO4 microboats and microspheres under visible light,2013, BiVO4 microspheres,0.0,0.0,0.0,1.0,0.0,0.0,0.0,0.0,0.0,1.0,0.0,17.395118691325184,2.34,19.08962384572106,0.07037713341261653,24.0,180.0,0.1,300.0,1.0,0.0,0.0,4.0,70.0,35.4
433,129,Controllable synthesis of 3D BiVO4 superstructures with visible-light-induced photocatalytic oxidation of NO in the gas phase and mechanistic analysis,2015, ms-BiVO4 (pH 8),0.0,0.0,0.0,1.0,0.0,0.0,0.0,0.0,0.0,1.0,0.0,0.78,2.48,16.443302828476423,0.06542157144103544,15.0,100.0,0.2,350.0,0.0,0.0,1.0,0.1,65.65152162188045,48.0
434,129,Controllable synthesis of 3D BiVO4 superstructures with visible-light-induced photocatalytic oxidation of NO in the gas phase and mechanistic analysis,2015,ms-BiVO4 (pH 9) ,0.0,0.0,0.0,1.0,0.0,0.0,0.0,0.0,0.0,1.0,0.0,3.32,2.45,16.29442200111277,0.06624044620923145,15.0,100.0,0.2,350.0,0.0,0.0,1.0,0.1,65.56745493081357,42.0
435,129,Controllable synthesis of 3D BiVO4 superstructures with visible-light-induced photocatalytic oxidation of NO in the gas phase and mechanistic analysis,2015,ms-BiVO4 (pH 10),0.0,0.0,0.0,1.0,0.0,0.0,0.0,0.0,0.0,1.0,0.0,0.58,2.44,16.466999320400586,0.06535626863877719,15.0,100.0,0.2,350.0,0.0,0.0,1.0,0.1,65.65808494675738,34.0
436,130,Visible Light Driven photocatalyst BiVO4 for photocatalytic removal of NO,2017,T140,0.0,0.0,0.0,1.0,0.0,0.0,0.0,0.0,0.0,1.0,0.0,43.0,2.25,18.630946775492376,0.12,16.0,140.0,0.2,150.0,1.0,0.0,0.0,2.4,50.0,12.3
437,130,Visible Light Driven photocatalyst BiVO4 for photocatalytic removal of NO,2017,T160,0.0,0.0,0.0,1.0,0.0,0.0,0.0,0.0,0.0,1.0,0.0,47.3,2.45,20.484051685391922,0.12,16.0,160.0,0.2,150.0,1.0,0.0,0.0,2.4,50.0,7.7
438,130,Visible Light Driven photocatalyst BiVO4 for photocatalytic removal of NO,2017,T180,0.0,0.0,0.0,1.0,0.0,0.0,0.0,0.0,0.0,1.0,0.0,48.9,2.44,19.011288897182798,0.11,16.0,180.0,0.2,150.0,1.0,0.0,0.0,2.4,50.0,10.5
439,130,Visible Light Driven photocatalyst BiVO4 for photocatalytic removal of NO,2017,T200,0.0,0.0,0.0,1.0,0.0,0.0,0.0,0.0,0.0,1.0,0.0,44.1,2.34,9.293212664107427,0.11,16.0,200.0,0.2,150.0,1.0,0.0,0.0,2.4,50.0,13.2
444,133,Ultrasound assisted synthesis of heterogeneous g-C3N4/BiVO4 composites and their visible-light-induced photocatalytic oxidation of NO in gas phase,2015,BVO,0.0,0.0,0.0,1.0,0.0,0.0,0.0,0.0,0.0,1.0,0.0,6.9,2.23,13.525896877315006,0.02684562154735163,24.0,160.0,0.2,150.0,1.0,0.0,0.0,2.4,50.0,25.6
445,134,Graphene-decorated 3D BiVO4 photocatalysts with controlled size and shape for efficient visible-light-induced photocatalytic performance,2016,BVO,0.0,0.0,0.0,1.0,0.0,0.0,0.0,0.0,0.0,1.0,0.0,30.932,2.75,11.25,0.124,18.0,160.0,0.2,350.0,0.0,0.0,1.0,0.1,65.60549763410263,41.6
447,135,Synergistic integration of Bi metal and phosphate defects on hexagonal and monoclinic BiPO4: Enhanced photocatalysis and reaction mechanism,2019,BiPO4 ,0.0,0.0,0.0,1.0,0.0,0.0,0.0,0.0,0.0,1.0,0.0,4.6,4.1,7.283434269517098,0.03877337442478105,24.0,180.0,0.2,150.0,1.0,0.0,0.0,2.39999989471795,49.32860901707813,2.0
451,136,In situ construction of biocompatible Z-scheme α-Bi2O3/CuBi2O4 heterojunction for NO removal under visible light,2020,BO-400,0.0,0.0,0.0,0.0,1.0,0.0,0.0,0.0,0.0,1.0,0.0,2.23,2.65,6.69,0.09672251781853326,12.0,400.0,0.1,300.0,0.0,0.0,1.0,3.0,65.17730492552272,30.0
453,137,Controllable Synthesis of Core?Shell Bi@Amorphous Bi2O3Nanospheres with Tunable Optical and Photocatalytic Activity for NO Removal,2017,Bi@Bi2O3-18 ,0.0,0.0,0.0,0.0,1.0,0.0,0.0,1.0,0.0,1.0,0.0,14.6,2.7790279814211365,4.80077628391919,0.1799899233934818,18.0,160.0,0.1,300.0,0.0,0.0,1.0,3.0,69.79398600963037,26.4
454,137,Controllable Synthesis of Core?Shell Bi@Amorphous Bi2O3Nanospheres with Tunable Optical and Photocatalytic Activity for NO Removal,2017,Bi@Bi2O3-12,0.0,0.0,0.0,0.0,1.0,0.0,0.0,1.0,0.0,1.0,0.0,13.5,2.9542683990876086,10.271543044834042,0.1346479750505472,12.0,160.0,0.1,300.0,0.0,0.0,1.0,3.0,68.09661042102738,20.9
456,137,Controllable Synthesis of Core?Shell Bi@Amorphous Bi2O3Nanospheres with Tunable Optical and Photocatalytic Activity for NO Removal,2017,Bi@Bi2O3-48,0.0,0.0,0.0,0.0,1.0,0.0,0.0,1.0,0.0,1.0,0.0,13.2,3.3042129883252276,17.055735347441242,0.11463673937954444,48.0,160.0,0.1,300.0,0.0,0.0,1.0,3.0,67.09460776099012,1.2
457,138,Facile synthesis of Bi2O3 nanocrystals for photocatalytic NO oxidation and its conversion pathway via in situ DRIFTS,2020,β-Bi2O3 ,0.0,0.0,0.0,0.0,1.0,0.0,0.0,0.0,0.0,1.0,0.0,10.64,2.5,8.536119764146159,0.0289360099930099,18.0,160.0,0.2,150.0,1.0,0.0,0.0,2.365053673195048,53.125395820847345,32.0
460,139,"Oxygen vacancy engineering of Bi2O3/Bi2O2CO3 heterojunctions: Implications of the interfacial charge transfer, NO adsorption and removal",2018,BO/BOC,0.0,0.0,0.0,0.0,1.0,0.0,0.0,1.0,0.0,1.0,0.0,4.1,3.2373300962284115,36.721058247390516,0.038775741891677706,24.0,180.0,0.2,300.0,0.0,0.0,1.0,3.0,30.0,35.0
462,140,Activation of amorphous Bi2WO6 with synchronous Bi metal and Bi2O3 coupling: Photocatalysis mechanism and reaction pathway,2018,BWO,0.0,0.0,0.0,0.0,1.0,0.0,0.0,0.0,0.0,1.0,0.0,43.0,2.25,15.78135852949762,0.12,20.0,100.0,0.2,150.0,1.0,0.0,0.0,2.4,50.0,12.3
463,140,Activation of amorphous Bi2WO6 with synchronous Bi metal and Bi2O3 coupling: Photocatalysis mechanism and reaction pathway,2018,BWO1,0.0,0.0,0.0,0.0,1.0,0.0,0.0,0.0,0.0,1.0,0.0,47.3,2.45,16.013800232260806,0.12,20.0,100.0,0.2,150.0,1.0,0.0,0.0,2.4,50.0,7.7
464,140,Activation of amorphous Bi2WO6 with synchronous Bi metal and Bi2O3 coupling: Photocatalysis mechanism and reaction pathway,2018,BWO2,0.0,0.0,0.0,0.0,1.0,0.0,0.0,0.0,0.0,1.0,0.0,48.9,2.44,15.32895101907312,0.11,20.0,100.0,0.2,150.0,1.0,0.0,0.0,2.4,50.0,10.5
465,140,Activation of amorphous Bi2WO6 with synchronous Bi metal and Bi2O3 coupling: Photocatalysis mechanism and reaction pathway,2018,BWO3,0.0,0.0,0.0,0.0,1.0,0.0,0.0,0.0,0.0,1.0,0.0,44.1,2.34,15.842109832589442,0.11,20.0,100.0,0.2,150.0,1.0,0.0,0.0,2.4,50.0,13.2
466,141,In-situ generation of oxygen vacancies and metallic bismuth from (BiO)2CO3 via N2-assisted thermal-treatment for efficient selective photocatalytic NO removal,2021,BOC,0.0,0.0,0.0,0.0,1.0,0.0,0.0,0.0,0.0,1.0,0.0,44.08,3.12,28.3,0.15720867886805992,16.0,180.0,0.1,300.0,0.0,0.0,1.0,2.650831570361647,30.0,26.0
467,141,In-situ generation of oxygen vacancies and metallic bismuth from (BiO)2CO3 via N2-assisted thermal-treatment for efficient selective photocatalytic NO removal,2021,240BOC,0.0,0.0,0.0,0.0,1.0,0.0,0.0,0.0,0.0,1.0,0.0,38.81,3.12,7.3,0.10373529176178138,16.0,240.0,0.1,300.0,0.0,0.0,1.0,2.5997195345791266,30.0,50.0
468,141,In-situ generation of oxygen vacancies and metallic bismuth from (BiO)2CO3 via N2-assisted thermal-treatment for efficient selective photocatalytic NO removal,2021,320BOC,0.0,0.0,0.0,0.0,1.0,0.0,0.0,0.0,0.0,1.0,0.0,32.65,3.1,0.8,0.11284032004944024,16.0,320.0,0.1,300.0,0.0,0.0,1.0,2.8003784935035823,30.0,55.6
469,141,In-situ generation of oxygen vacancies and metallic bismuth from (BiO)2CO3 via N2-assisted thermal-treatment for efficient selective photocatalytic NO removal,2021,340BOC,0.0,0.0,0.0,0.0,1.0,0.0,0.0,0.0,0.0,1.0,0.0,33.45,2.953240144009958,3.1,0.11303459982750257,16.0,340.0,0.1,300.0,0.0,0.0,1.0,2.6312342240968305,30.0,49.0
470,142,Monoclinic -Bi2O3 photocatalyst for efficient removal of gaseous NO and HCHO under visible light irradiation,2011,Bi2O3,0.0,0.0,0.0,0.0,1.0,0.0,0.0,0.0,0.0,1.0,0.0,6.16,2.72,25.94620459471809,0.12801129821152188,12.0,160.0,0.2,300.0,1.0,0.0,0.0,4.0,70.0,24.4
471,142,Monoclinic -Bi2O3 photocatalyst for efficient removal of gaseous NO and HCHO under visible light irradiation,2011,α-Bi2O3,0.0,0.0,0.0,0.0,1.0,0.0,0.0,0.0,0.0,1.0,0.0,6.23,2.720154497254588,25.386870497993623,0.12874271850973407,12.0,160.0,0.2,300.0,1.0,0.0,0.0,4.0,70.0,35.2
473,143,"Synergistic effects of crystal structure and oxygen vacancy on Bi2O3 polymorphs: intermediates activation, photocatalytic reaction efficiency, and conversion pathway",2020,b-Bi2O3,0.0,0.0,0.0,0.0,1.0,0.0,0.0,1.0,0.0,1.0,0.0,2.89,2.1,12.51819624900713,0.08188688709332578,2.0,270.0,0.2,150.0,1.0,0.0,0.0,2.4,70.0,25.2
474,143,"Synergistic effects of crystal structure and oxygen vacancy on Bi2O3 polymorphs: intermediates activation, photocatalytic reaction efficiency, and conversion pathway",2020,a-Bi2O3-50,0.0,0.0,0.0,0.0,1.0,0.0,0.0,0.0,0.0,1.0,0.0,0.35,1.9,14.395216445409648,0.11040010231670248,2.0,350.0,0.2,150.0,1.0,0.0,0.0,2.4,70.0,20.0
477,144,Enhancing photocatalysis of NO gas degradation over g-C3N4 modified a-Bi2O3 microrods composites under visible light,2020,Bi2O3/g-C3N4,0.0,0.0,0.0,0.0,1.0,0.0,0.0,1.0,0.0,1.0,0.0,25.447929088423415,2.77,6.8,0.110253369805698,2.0,550.0,0.2,150.0,1.0,0.0,0.0,2.4,70.0,39.1
479,145,Oxygen vacancy defects-boosted deep oxidation of NO by β-Bi2O3/CeO2-δ p-n heterojunction photocatalyst in situ synthesized from Bi/Ce(CO3) (OH) precursor,2021,2% β-Bi2O3/CeO2-δ ,0.0,0.0,0.0,0.0,1.0,2.0,0.0,1.0,0.0,1.0,0.0,29.464854141008868,2.1456424063084287,1.63,0.10468613616273663,72.0,180.0,0.2,150.0,1.0,0.0,0.0,2.4,70.0,38.5
480,145,Oxygen vacancy defects-boosted deep oxidation of NO by β-Bi2O3/CeO2-δ p-n heterojunction photocatalyst in situ synthesized from Bi/Ce(CO3) (OH) precursor,2021,4% β-Bi2O3/CeO2-δ ,0.0,0.0,0.0,0.0,1.0,4.0,0.0,1.0,0.0,1.0,0.0,28.812261396989587,2.12649128967336,1.45,0.11725979813051118,72.0,180.0,0.2,150.0,1.0,0.0,0.0,2.4,70.0,42.9
481,145,Oxygen vacancy defects-boosted deep oxidation of NO by β-Bi2O3/CeO2-δ p-n heterojunction photocatalyst in situ synthesized from Bi/Ce(CO3) (OH) precursor,2021,6% β-Bi2O3/CeO2-δ ,0.0,0.0,0.0,0.0,1.0,6.0,0.0,1.0,0.0,1.0,0.0,28.50985224872457,2.075053861749147,4.27,0.12444501437194577,72.0,180.0,0.2,150.0,1.0,0.0,0.0,2.4,70.0,40.1
482,145,Oxygen vacancy defects-boosted deep oxidation of NO by β-Bi2O3/CeO2-δ p-n heterojunction photocatalyst in situ synthesized from Bi/Ce(CO3) (OH) precursor,2021,8% β-Bi2O3/CeO2-δ ,0.0,0.0,0.0,0.0,1.0,8.0,0.0,1.0,0.0,1.0,0.0,28.397858771447186,2.0753700306940233,5.54,0.12379594080247071,72.0,180.0,0.2,150.0,1.0,0.0,0.0,2.4,70.0,38.7
483,146,MoS2 quantum dots-modified porous β-Bi2O3 microspheres with enhanced visible-light-induced photocatalytic activity for Bisphenol A degradation and NO removal,2019,β-Bi2O3,0.0,0.0,0.0,0.0,1.0,0.0,0.0,0.0,0.0,1.0,0.0,23.07037025112436,2.15,11.122526037552579,0.19123056313393164,18.0,160.0,0.1,300.0,0.0,0.0,1.0,4.0,66.58882955945515,31.4
484,146,MoS2 quantum dots-modified porous β-Bi2O3 microspheres with enhanced visible-light-induced photocatalytic activity for Bisphenol A degradation and NO removal,2019,1% MoS2/β-Bi2O3,0.0,0.0,0.0,0.0,1.0,1.0,0.0,1.0,0.0,1.0,0.0,26.400404424965423,2.05,8.54903170415102,0.19145434054535385,18.0,160.0,0.1,300.0,0.0,0.0,1.0,4.0,66.12386998476678,41.4
485,147,Constructing the Pd/PdO/??-Bi2O3 microspheres with enhanced photocatalytic activity for Bisphenol A degradation and NO removal,2019,S0,0.0,0.0,0.0,0.0,1.0,0.0,0.0,0.0,0.0,1.0,0.0,3.32,2.45,16.132455968003086,0.06622433024200863,15.0,100.0,0.2,350.0,0.0,0.0,1.0,0.1,65.56839819783009,42.0
486,147,Constructing the Pd/PdO/??-Bi2O3 microspheres with enhanced photocatalytic activity for Bisphenol A degradation and NO removal,2019,S1,0.0,0.0,0.0,0.0,1.0,0.0,0.0,0.0,0.0,1.0,0.0,0.58,2.44,16.466978322016278,0.06534019688245886,15.0,100.0,0.2,350.0,0.0,0.0,1.0,0.1,65.65902691103885,34.0
489,148,A facile synthesis of a highly efficient b-Bi2O3/ Bi2O2CO3 heterojunction with enhanced photocatalytic NO oxidation under visible light,2020,BOC-380,0.0,0.0,0.0,0.0,1.0,0.0,0.0,0.0,0.0,1.0,0.0,13.81305925935494,2.52,20.4,0.11718794414205334,4.0,380.0,0.1,300.0,0.0,0.0,1.0,2.4,69.24426183296771,32.0
491,148,A facile synthesis of a highly efficient b-Bi2O3/ Bi2O2CO3 heterojunction with enhanced photocatalytic NO oxidation under visible light,2020,BOC-420,0.0,0.0,0.0,0.0,1.0,0.0,0.0,0.0,0.0,1.0,0.0,13.868491769927148,2.2,18.6,0.11711660166332159,4.0,420.0,0.1,300.0,0.0,0.0,1.0,2.4,69.20424670776016,28.0
492,149,Mesoporous Ni-Doped δ?Bi2O3 Microspheres for Enhanced SolarDriven Photocatalysis: A Combined Experimental and Theoretical Investigation,2017,Bi2O3,0.0,0.0,0.0,0.0,1.0,0.0,0.0,0.0,0.0,1.0,0.0,26.854541138370877,2.87,15.481195703004545,0.1169740544380111,8.0,160.0,0.1,150.0,1.0,0.0,0.0,2.4,50.0,31.1
495,150,Fabricating Mn3O4/b-Bi2O3 heterojunction microspheres with enhanced photocatalytic activity for organic pollutants degradation and NO removal,2021,S0,0.0,0.0,0.0,0.0,1.0,0.0,0.0,1.0,0.0,1.0,0.0,29.982349798058635,1.862850290550949,15.244817569131202,0.11000597917147548,2.0,350.0,0.1,150.0,1.0,0.0,0.0,2.4,50.0,31.8
496,150,Fabricating Mn3O4/b-Bi2O3 heterojunction microspheres with enhanced photocatalytic activity for organic pollutants degradation and NO removal,2021,1 wt%Mn3O4/b-Bi2O3,0.0,0.0,0.0,0.0,1.0,1.0,0.0,1.0,0.0,1.0,0.0,30.148893126363195,1.863792773185928,15.243089914639272,0.11000686175645293,2.0,350.0,0.1,150.0,1.0,0.0,0.0,2.4,50.0,36.2
497,150,Fabricating Mn3O4/b-Bi2O3 heterojunction microspheres with enhanced photocatalytic activity for organic pollutants degradation and NO removal,2021,2 wt%Mn3O4/b-Bi2O3,0.0,0.0,0.0,0.0,1.0,2.0,0.0,1.0,0.0,1.0,0.0,30.171750749044367,1.8665863580999316,15.2379124074221,0.11000941360710954,2.0,350.0,0.1,150.0,1.0,0.0,0.0,2.4,50.0,44.2
498,150,Fabricating Mn3O4/b-Bi2O3 heterojunction microspheres with enhanced photocatalytic activity for organic pollutants degradation and NO removal,2021,3 wt%Mn3O4/b-Bi2O3,0.0,0.0,0.0,0.0,1.0,3.0,0.0,1.0,0.0,1.0,0.0,29.67517613233139,1.8711427232538584,15.229296253857335,0.11001366985738016,2.0,350.0,0.1,150.0,1.0,0.0,0.0,2.4,50.0,41.6
499,150,Fabricating Mn3O4/b-Bi2O3 heterojunction microspheres with enhanced photocatalytic activity for organic pollutants degradation and NO removal,2021,4 wt%Mn3O4/bBi2O3,0.0,0.0,0.0,0.0,1.0,4.0,0.0,1.0,0.0,1.0,0.0,28.784114806232115,1.8773225860696496,15.217258545428795,0.11001962225780011,2.0,350.0,0.1,150.0,1.0,0.0,0.0,2.4,50.0,38.2
500,151,Highly efficient photocatalytic performance of graphene oxide/ TiO2–Bi2O3 hybrid coating for organic dyes and NO gas,2015,GO–T–B,0.0,0.0,0.0,0.0,1.0,0.0,0.0,1.0,0.0,1.0,0.0,2.89,2.1,12.51819624900713,0.08188688709332578,2.0,270.0,0.2,150.0,1.0,0.0,0.0,2.4,70.0,25.2
501,152,"Chemical etching fabrication of uniform mesoporous Bi@Bi2O3 nanospheres
with enhanced visible light-induced photocatalytic oxidation performance for NOx",2021,Bi@Bi2O3,0.0,0.0,0.0,0.0,1.0,0.0,0.0,1.0,0.0,1.0,0.0,14.64,2.7796372037350623,4.8,0.18,18.0,160.0,0.1,300.0,0.0,0.0,1.0,3.0,69.79607230075214,25.0
502,152,"Chemical etching fabrication of uniform mesoporous Bi@Bi2O3 nanospheres
with enhanced visible light-induced photocatalytic oxidation performance for NOx",2021,0.05-Bi@Bi2O3,0.0,0.0,0.0,0.0,1.0,0.05,0.0,1.0,0.0,1.0,0.0,48.36,2.755622805540375,1.98,0.28,18.0,160.0,0.1,300.0,0.0,0.0,1.0,3.0,69.87442390373586,41.0
503,152,"Chemical etching fabrication of uniform mesoporous Bi@Bi2O3 nanospheres
with enhanced visible light-induced photocatalytic oxidation performance for NOx",2021,0.1-Bi@Bi2O3,0.0,0.0,0.0,0.0,1.0,0.1,0.0,1.0,0.0,1.0,0.0,20.55,2.764271229880126,5.68795680461748,0.16,18.0,160.0,0.1,300.0,0.0,0.0,1.0,3.0,69.72539668940769,32.0
504,152,"Chemical etching fabrication of uniform mesoporous Bi@Bi2O3 nanospheres
with enhanced visible light-induced photocatalytic oxidation performance for NOx",2021,P123-Bi@Bi2O3,0.0,0.0,0.0,0.0,1.0,0.2,0.0,1.0,0.0,0.0,1.0,22.65,2.5673566570764628,6.3,0.2,18.0,160.0,0.1,300.0,0.0,0.0,1.0,3.0,68.97762443906977,36.0
505,153,Polyoxometalates‐doped Bi2O3–x/Bi photocatalyst for highly efficient visible‐light photodegradation of tetrabromobisphenol Aand removal of NO,2022,Bi2O3,0.0,0.0,0.0,0.0,1.0,0.0,0.0,0.0,0.0,1.0,0.0,12.516948870340672,2.87,22.21038839769985,0.1168654764709103,5.0,450.0,0.3,300.0,0.0,0.0,1.0,0.5,66.37424684443062,30.0
506,154,In situ Fabrication of α- Bi2O3/(BiO)2CO3 Nanoplate Heterojunctions with Tunable Optical Property and Photocatalytic Activity,2015, (BiO)2CO3,0.0,0.0,0.0,0.0,1.0,0.0,0.0,0.0,0.0,1.0,0.0,1.93,2.8050697098863697,6.098590892501276,0.031537768192153266,12.0,380.63447097992685,0.1,150.0,1.0,0.0,0.0,2.4,50.0,23.6
507,154,In situ Fabrication of α- Bi2O3/(BiO)2CO3 Nanoplate Heterojunctions with Tunable Optical Property and Photocatalytic Activity,2015, BOC-400,0.0,0.0,0.0,0.0,1.0,0.0,0.0,0.0,0.0,1.0,0.0,4.32,3.022549996237729,14.761157900571684,0.11066175196685682,12.0,400.0,0.1,150.0,1.0,0.0,0.0,2.4,50.0,34.9
508,154,In situ Fabrication of α- Bi2O3/(BiO)2CO3 Nanoplate Heterojunctions with Tunable Optical Property and Photocatalytic Activity,2015,BOC-450,0.0,0.0,0.0,0.0,1.0,0.0,0.0,0.0,0.0,1.0,0.0,0.96,2.270277197628475,14.228978097220391,0.11076712233403392,12.0,450.0,0.1,150.0,1.0,0.0,0.0,2.4,50.0,32.6
509,154,In situ Fabrication of α- Bi2O3/(BiO)2CO3 Nanoplate Heterojunctions with Tunable Optical Property and Photocatalytic Activity,2015,Bi2O3,0.0,0.0,0.0,0.0,1.0,0.0,0.0,0.0,0.0,1.0,0.0,1.25,2.8046640571293944,6.148799499480488,0.031319924563266294,12.0,442.5565413119765,0.1,150.0,1.0,0.0,0.0,2.4,50.0,25.2
510,155,Surface plasmon resonance enhanced photocatalysis of Ag nanoparticles-decorated Bi2S3 nanorods for NO degradation,2021,Bi2S3,0.0,0.0,0.0,0.0,1.0,0.0,0.0,0.0,0.0,1.0,0.0,1.26,1.5,39.43421293664389,0.0083,24.0,135.0,0.2,300.0,0.0,0.0,1.0,3.0,70.0,11.65
511,155,Surface plasmon resonance enhanced photocatalysis of Ag nanoparticles-decorated Bi2S3 nanorods for NO degradation,2021,1% Ag@Bi2S3,0.0,0.0,0.0,0.0,1.0,1.0,0.0,1.0,0.0,1.0,0.0,1.51,1.28,39.04567950359404,0.0076,24.0,135.0,0.2,300.0,0.0,0.0,1.0,3.0,70.0,25.0
512,155,Surface plasmon resonance enhanced photocatalysis of Ag nanoparticles-decorated Bi2S3 nanorods for NO degradation,2021,3% Ag@Bi2S3,0.0,0.0,0.0,0.0,1.0,3.0,0.0,1.0,0.0,1.0,0.0,1.6,1.24,37.84173916566954,0.0089,24.0,135.0,0.2,300.0,0.0,0.0,1.0,3.0,70.0,31.12
513,155,Surface plasmon resonance enhanced photocatalysis of Ag nanoparticles-decorated Bi2S3 nanorods for NO degradation,2021,5% Ag@Bi2S3,0.0,0.0,0.0,0.0,1.0,5.0,0.0,1.0,0.0,1.0,0.0,0.55,1.18,35.60348930363062,0.0024,24.0,135.0,0.2,300.0,0.0,0.0,1.0,3.0,70.0,22.0
514,156,Bismuth Sulfide Doped in Graphitic Carbon Nitride Degrades Nitric Oxide under Solar Irradiation,2022,Bi2S3 ,0.0,0.0,0.0,0.0,1.0,0.0,0.0,0.0,0.0,1.0,0.0,12.840771737352904,3.1,23.81068017012948,0.11727529010866501,2.0,550.0,0.2,300.0,0.0,0.0,1.0,3.0,70.0,35.0
516,157,Photodegradation of Nitrogen Oxide under Solar Light Using a Facile Synthesis Catalyst,2021,Bi2S3,0.0,0.0,0.0,0.0,1.0,0.0,0.0,0.0,0.0,1.0,0.0,20.55,2.9197963200027726,4.637474003100998,0.16,2.0,400.0,0.2,300.0,0.0,0.0,1.0,3.0,40.0,32.0
517,157,Photodegradation of Nitrogen Oxide under Solar Light Using a Facile Synthesis Catalyst,2021,5% MgO/Bi2S3-BiOCl,0.0,0.0,0.0,0.0,1.0,5.0,0.0,1.0,0.0,1.0,0.0,22.65,2.9049669622301777,6.3,0.2,2.0,400.0,0.2,300.0,0.0,0.0,1.0,3.0,40.0,36.0
518,158,Ultra-stable Bi4O5Br2/Bi2S3 n-p heterojunctions induced simultaneous generation of radicals ?OH and ?O2 ? and NO conversion to nitrate/nitrite species with high selectivity under visible light,2021,BB-BS20,0.0,0.0,0.0,0.0,1.0,1.0,0.0,1.0,0.0,1.0,0.0,44.45351070998362,2.22,5.0,0.28183264743862035,12.0,160.0,0.15,500.0,0.0,0.0,1.0,1.2,50.0,42.0
522,159,Enhanced photocatalytic NO removal with the superior selectivity for NO2? /NO3? species of Bi12GeO20-based composites via a ball-milling treatment: Synergetic effect of surface oxygen vacancies and n-p heterojunctions,2022,BGO,0.0,0.0,0.0,0.0,1.0,0.0,0.0,1.0,0.0,1.0,0.0,46.405237272576684,2.9,1.98,0.28,12.0,160.0,0.4,500.0,0.0,0.0,1.0,1.8,50.0,42.0
523,160,Mechanical ball-milling preparation and superior photocatalytic NO elimination of Z-scheme Bi12SiO20-based heterojunctions with surface oxygen vacancies,2022, BSO,0.0,0.0,0.0,0.0,1.0,0.0,0.0,1.0,0.0,1.0,0.0,23.316683772991446,3.0,6.1341536620645565,0.20269784209725517,18.0,160.0,0.1,300.0,0.0,0.0,1.0,2.4,70.0,40.0
525,161,An anion-exchange strategy for 3D hierarchical (BiO)2CO3/amorphous Bi2S3 heterostructures with increased solar absorption and enhanced visible light photocatalysis,2015,BOC,0.0,0.0,0.0,0.0,1.0,0.0,0.0,0.0,0.0,1.0,0.0,46.0,3.2155536447536903,26.0,0.122,24.0,160.0,0.2,150.0,1.0,0.0,0.0,3.3,60.0,21.5
526,161,An anion-exchange strategy for 3D hierarchical (BiO)2CO3/amorphous Bi2S3 heterostructures with increased solar absorption and enhanced visible light photocatalysis,2015,BS-0.05,0.0,0.0,0.0,0.0,1.0,0.05,0.0,0.0,0.0,1.0,0.0,56.0,2.9732865433554756,12.0,0.147,24.0,160.0,0.2,150.0,1.0,0.0,0.0,3.3,60.0,48.6
527,161,An anion-exchange strategy for 3D hierarchical (BiO)2CO3/amorphous Bi2S3 heterostructures with increased solar absorption and enhanced visible light photocatalysis,2015,BS-0.10,0.0,0.0,0.0,0.0,1.0,0.1,0.0,0.0,0.0,1.0,0.0,50.0,2.965880504234279,6.2,0.143,24.0,160.0,0.2,150.0,1.0,0.0,0.0,3.3,60.0,51.4
529,161,An anion-exchange strategy for 3D hierarchical (BiO)2CO3/amorphous Bi2S3 heterostructures with increased solar absorption and enhanced visible light photocatalysis,2015,BS-0.50,0.0,0.0,0.0,0.0,1.0,0.5,0.0,0.0,0.0,1.0,0.0,54.0,2.9623578196827216,12.8,0.171,24.0,160.0,0.2,150.0,1.0,0.0,0.0,3.3,60.0,45.1
