,Unnamed: 0,Unnamed: 0.1,Unnamed: 0.1.1,Unnamed: 0.1.1.1,Unnamed: 0.1.1.1.1,Unnamed: 0.1.1.1.1.1,Unnamed: 0.1.1.1.1.1.1,Unnamed: 0.1.1.1.1.1.1.1,Unnamed: 0.1.1.1.1.1.1.1.1,Unnamed: 0.1.1.1.1.1.1.1.1.1,Unnamed: 0.1.1.1.1.1.1.1.1.1.1,Unnamed: 0.1.1.1.1.1.1.1.1.1.1.1,Unnamed: 0.1.1.1.1.1.1.1.1.1.1.1.1,Unnamed: 0.1.1.1.1.1.1.1.1.1.1.1.1.1,Unnamed: 0.1.1.1.1.1.1.1.1.1.1.1.1.1.1,Unnamed: 0.1.1.1.1.1.1.1.1.1.1.1.1.1.1.1,Unnamed: 0.1.1.1.1.1.1.1.1.1.1.1.1.1.1.1.1,Unnamed: 0.1.1.1.1.1.1.1.1.1.1.1.1.1.1.1.1.1,id,Number,Paper,Year,Sample Name,Bismuth Oxycarbonate,Bismuth halide oxide series compounds,Bismuth binary metal series compounds,Bismuth phosphate and bismuth vanadate compounds,Monometallic bismuth series compounds,Doping ratio(wt%),Defect,Heterostructures,Bismuth citrate,Bismuth nitrate,Bismuth Chloride,BET(m2/g),Eg(eV),NO2(%),Pore volume(cm3/g),CT(h),T,Load/g,Wattage(W),Tungsten halogen lamp,LED lamp,Xe lamp,Flow rate(L/min),Relative Humidity(%),NOx(%)
0,0,0,0,0,0,0,0,0,0,0,0,0,0,0,0,0,0,0,1,1,Simultaneous Pd2+ doping and Pd metal deposition on (BiO)2CO3 microspheres for enhanced and stable visible light photocatalysis,2016,BOC,1,0,0,0,0,0.0,0,0,1,0,0,46.0,3.4,,0.181,24.0,160.0,0.2,100.0,1.0,0.0,0.0,2.4,50.0,23.4
1,1,1,1,1,1,1,1,1,1,1,1,1,1,1,1,1,1,1,2,1,Simultaneous Pd2+ doping and Pd metal deposition on (BiO)2CO3 microspheres for enhanced and stable visible light photocatalysis,2016,Pd-BOC,1,0,0,0,0,0.5,0,0,1,0,0,43.0,3.22,,0.178,24.0,160.0,0.2,100.0,1.0,0.0,0.0,2.4,50.0,51.4
2,2,2,2,2,2,2,2,2,2,2,2,2,2,2,2,2,2,2,3,2,Template-free fabrication and growth mechanism of uniform (BiO)2CO3 hierarchical hollow microspheres with outstanding photocatalytic activities under both UV and visible light irradiation,2011,BOC-3 ,1,0,0,0,0,0.0,0,0,1,0,0,,,,,3.0,180.0,0.15,300.0,1.0,0.0,0.0,3.3,70.0,8.0
3,3,3,4,4,4,4,4,4,4,4,4,4,4,4,4,4,4,4,5,2,Template-free fabrication and growth mechanism of uniform (BiO)2CO3 hierarchical hollow microspheres with outstanding photocatalytic activities under both UV and visible light irradiation,2011,BOC-4,1,0,0,0,0,0.0,0,0,1,0,0,22.0,,,0.0799,4.0,180.0,0.15,300.0,1.0,0.0,0.0,3.3,70.0,35.1
4,4,4,5,5,5,5,5,5,5,5,5,5,5,5,5,5,5,5,6,2,Template-free fabrication and growth mechanism of uniform (BiO)2CO3 hierarchical hollow microspheres with outstanding photocatalytic activities under both UV and visible light irradiation,2011,BOC-5,1,0,0,0,0,0.0,0,0,1,0,0,21.0,,,0.095,5.0,180.0,0.15,300.0,1.0,0.0,0.0,3.3,70.0,43.0
5,5,5,6,6,6,6,6,6,6,6,6,6,6,6,6,6,6,6,7,2,Template-free fabrication and growth mechanism of uniform (BiO)2CO3 hierarchical hollow microspheres with outstanding photocatalytic activities under both UV and visible light irradiation,2011,BOC-7,1,0,0,0,0,0.0,0,0,1,0,0,20.0,,,0.123,7.0,180.0,0.15,300.0,1.0,0.0,0.0,3.3,70.0,46.7
6,6,6,7,8,8,8,8,8,8,8,8,8,8,8,8,8,8,8,9,4,Novel in Situ N-Doped (BiO)2CO3 Hierarchical Microspheres Self-Assembled by Nanosheets as Efficient and Durable Visible Light Driven Photocatalyst,2011,N-BOC,1,0,0,0,0,1.0,0,0,1,0,0,30.4,2.66,,0.108,48.0,180.0,0.15,300.0,1.0,0.0,0.0,3.3,70.0,49.4
7,7,7,8,9,9,9,9,9,9,9,9,9,9,9,9,9,9,9,10,4,Novel in Situ N-Doped (BiO)2CO3 Hierarchical Microspheres Self-Assembled by Nanosheets as Efficient and Durable Visible Light Driven Photocatalyst,2011,BOC,1,0,0,0,0,0.0,0,0,1,0,0,3.1,3.4,,0.009,48.0,180.0,0.15,300.0,1.0,0.0,0.0,3.3,70.0,10.6
8,8,8,9,10,10,10,10,10,10,10,10,10,10,10,10,10,10,10,11,4,Novel in Situ N-Doped (BiO)2CO3 Hierarchical Microspheres Self-Assembled by Nanosheets as Efficient and Durable Visible Light Driven Photocatalyst,2011,C-TiO2,0,0,0,0,0,0.0,0,0,0,0,0,122.5,2.9,,0.248,48.0,180.0,0.15,300.0,1.0,0.0,0.0,3.3,70.0,20.3
9,10,10,11,12,12,12,12,12,12,13,13,13,13,13,13,14,14,14,15,5,"One-pot template-free synthesis, growth mechanism and enhanced photocatalytic activity of monodisperse (BiO)2CO3 hierarchical hollow microspheres self-assembled with single-crystalline nanosheets",2012,BOC-9,1,0,0,0,0,0.0,0,0,1,0,0,18.82,2.32,,0.028,24.0,180.0,0.15,300.0,1.0,0.0,0.0,3.3,70.0,35.0
10,11,11,12,13,13,13,13,13,13,14,14,14,14,14,14,15,15,15,16,5,"One-pot template-free synthesis, growth mechanism and enhanced photocatalytic activity of monodisperse (BiO)2CO3 hierarchical hollow microspheres self-assembled with single-crystalline nanosheets",2012,BOC-12,1,0,0,0,0,0.0,0,0,1,0,0,19.22,2.4,,0.017,24.0,180.0,0.15,300.0,1.0,0.0,0.0,3.3,70.0,46.0
11,12,12,14,16,17,18,18,18,19,20,20,20,22,22,22,23,23,23,24,7,"Controlled synthesis, growth mechanism and highly efficient solar photocatalysis of nitrogen-doped bismuth subcarbonate hierarchical nanosheets architectures",2012,BOC-1,1,0,0,0,0,1.0,0,0,1,0,0,18.0,2.84,,0.084,24.0,180.0,0.15,300.0,1.0,0.0,0.0,3.3,70.0,35.1
12,13,13,15,17,18,19,19,19,20,21,21,21,23,23,23,24,24,24,25,7,"Controlled synthesis, growth mechanism and highly efficient solar photocatalysis of nitrogen-doped bismuth subcarbonate hierarchical nanosheets architectures",2012,BOC-2,1,0,0,0,0,2.0,0,0,1,0,0,13.0,2.88,,0.126,24.0,180.0,0.15,300.0,1.0,0.0,0.0,3.3,70.0,46.1
13,14,14,16,18,19,20,20,20,21,22,22,22,24,24,24,25,25,25,26,7,"Controlled synthesis, growth mechanism and highly efficient solar photocatalysis of nitrogen-doped bismuth subcarbonate hierarchical nanosheets architectures",2012,BOC-3,1,0,0,0,0,3.33,0,0,1,0,0,19.0,3.2,,0.009,24.0,180.0,0.15,300.0,1.0,0.0,0.0,3.3,70.0,42.6
14,15,15,17,19,20,21,21,21,22,23,23,23,25,25,25,26,26,26,27,8,(NH4)2CO3 mediated hydrothermal synthesis of N-doped (BiO)2CO3 hollow nanoplates microspheres as high-performance and durable visible light photocatalyst for air cleaning,2013,N-BOC,1,0,0,0,0,2.0,0,0,1,0,0,20.0,3.25,,0.12,24.0,180.0,0.15,300.0,1.0,0.0,0.0,3.3,70.0,48.0
15,16,16,18,20,21,22,22,22,23,24,24,24,26,26,26,27,27,27,28,8,(NH4)2CO3 mediated hydrothermal synthesis of N-doped (BiO)2CO3 hollow nanoplates microspheres as high-performance and durable visible light photocatalyst for air cleaning,2013,N-BOC,1,0,0,0,0,2.0,0,0,1,0,0,20.0,3.25,,0.12,,,0.15,300.0,1.0,0.0,0.0,3.3,70.0,42.6
16,17,17,19,21,22,23,23,23,24,25,25,25,27,27,27,28,28,28,29,8,(NH4)2CO3 mediated hydrothermal synthesis of N-doped (BiO)2CO3 hollow nanoplates microspheres as high-performance and durable visible light photocatalyst for air cleaning,2013,N-BOC,1,0,0,0,0,2.0,0,0,1,0,0,30.0,2.66,,0.11,,,0.15,300.0,1.0,0.0,0.0,3.3,70.0,35.7
17,18,18,20,22,23,24,24,24,25,26,26,26,28,28,28,29,29,29,30,8,(NH4)2CO3 mediated hydrothermal synthesis of N-doped (BiO)2CO3 hollow nanoplates microspheres as high-performance and durable visible light photocatalyst for air cleaning,2013,BOC,1,0,0,0,0,0.0,0,0,1,0,0,12.0,3.4,,0.12,,,0.15,300.0,1.0,0.0,0.0,3.3,70.0,10.9
18,19,19,21,23,24,25,25,25,26,27,27,27,29,29,29,31,31,31,32,9,Ammonia induced formation of N-doped (BiO)2CO3 hierarchical microspheres: the effect of hydrothermal temperature on the morphology and photocatalytic activity,2013,BOC-150,1,0,0,0,0,1.0,0,0,1,0,0,16.0,3.06,,,24.0,150.0,0.1,100.0,1.0,0.0,0.0,2.4,50.0,35.7
19,20,20,22,24,25,26,26,26,27,28,28,28,30,30,30,32,32,32,33,9,Ammonia induced formation of N-doped (BiO)2CO3 hierarchical microspheres: the effect of hydrothermal temperature on the morphology and photocatalytic activity,2013,BOC-180,1,0,0,0,0,1.0,0,0,1,0,0,20.0,2.55,,,24.0,180.0,0.1,100.0,1.0,0.0,0.0,2.4,50.0,49.2
20,21,21,23,25,26,27,27,27,28,29,29,29,31,31,31,33,33,33,34,9,Ammonia induced formation of N-doped (BiO)2CO3 hierarchical microspheres: the effect of hydrothermal temperature on the morphology and photocatalytic activity,2013,BOC-210,1,0,0,0,0,1.0,0,0,1,0,0,19.0,3.25,,,24.0,210.0,0.1,100.0,1.0,0.0,0.0,2.4,50.0,48.6
21,22,22,24,26,27,28,28,28,29,30,30,30,32,32,32,34,34,34,35,10,Noble Metal-Like Behavior of Plasmonic Bi Particles as a Cocatalyst Deposited on (BiO)2CO3 Microspheres for Efficient Visible Light Photocatalysis,2014,BOC,1,0,0,0,0,0.0,0,0,1,0,0,46.0,,15.8,,24.0,160.0,0.2,100.0,1.0,0.0,0.0,2.4,50.0,22.0
22,23,23,25,27,28,29,29,29,30,31,31,31,33,33,33,35,35,35,36,10,Noble Metal-Like Behavior of Plasmonic Bi Particles as a Cocatalyst Deposited on (BiO)2CO3 Microspheres for Efficient Visible Light Photocatalysis,2014,Bi/BOC-1,1,0,0,0,0,1.0,0,0,1,0,0,45.0,,13.7,,24.0,160.0,0.2,100.0,1.0,0.0,0.0,2.4,50.0,36.0
23,24,24,26,28,29,30,30,30,31,32,32,32,34,34,35,37,37,37,38,10,Noble Metal-Like Behavior of Plasmonic Bi Particles as a Cocatalyst Deposited on (BiO)2CO3 Microspheres for Efficient Visible Light Photocatalysis,2014,Bi/BOC-10,1,0,0,0,0,10.0,0,0,1,0,0,34.0,,23.9,,24.0,160.0,0.2,100.0,1.0,0.0,0.0,2.4,50.0,34.0
24,25,25,27,29,30,31,31,31,32,33,33,33,35,35,36,38,38,39,40,11,Hydrothermal fabrication of N-doped (BiO)2CO3: Structural and morphological influence on the visible light photocatalytic activity,2014,N-BOC-150,1,0,0,0,0,1.0,0,0,1,0,0,15.0,3.18,,0.069,48.0,150.0,0.15,300.0,1.0,0.0,0.0,3.3,50.0,39.9
25,26,26,28,30,31,32,32,32,33,34,34,34,36,36,37,39,39,40,41,11,Hydrothermal fabrication of N-doped (BiO)2CO3: Structural and morphological influence on the visible light photocatalytic activity,2014,N-BOC-180,1,0,0,0,0,1.0,0,0,1,0,0,28.0,2.96,,0.096,48.0,180.0,0.15,300.0,1.0,0.0,0.0,3.3,50.0,49.3
26,27,27,29,31,32,33,33,33,34,35,35,35,37,37,38,40,40,41,42,11,Hydrothermal fabrication of N-doped (BiO)2CO3: Structural and morphological influence on the visible light photocatalytic activity,2014,N-BOC-210,1,0,0,0,0,1.0,0,0,1,0,0,35.0,3.31,,0.053,48.0,210.0,0.15,300.0,1.0,0.0,0.0,3.3,50.0,36.3
27,28,28,30,32,33,34,34,34,35,36,36,36,38,38,39,41,41,42,43,12,An anion-exchange strategy for 3D hierarchical (BiO)2CO3/amorphous Bi2S3 heterostructures with increased solar absorption and enhanced visible light photocatalysis,2015,BOC,1,0,0,0,0,0.0,0,1,1,0,0,46.0,3.53,27.5,0.122,24.0,160.0,0.1,150.0,1.0,0.0,0.0,3.3,60.0,21.5
28,29,29,31,33,34,35,35,35,36,37,37,37,39,39,40,42,42,43,44,12,An anion-exchange strategy for 3D hierarchical (BiO)2CO3/amorphous Bi2S3 heterostructures with increased solar absorption and enhanced visible light photocatalysis,2015,BS-0.05,1,0,0,0,0,0.05,0,1,1,0,0,56.0,,10.2,0.147,24.0,160.0,0.1,150.0,1.0,0.0,0.0,3.3,60.0,48.6
29,30,30,32,34,35,36,36,36,37,38,38,38,40,40,41,43,43,44,45,12,An anion-exchange strategy for 3D hierarchical (BiO)2CO3/amorphous Bi2S3 heterostructures with increased solar absorption and enhanced visible light photocatalysis,2015,BS-0.10,1,0,0,0,0,0.1,0,1,1,0,0,50.0,,7.6,0.143,24.0,160.0,0.1,150.0,1.0,0.0,0.0,3.3,60.0,51.4
30,31,31,33,35,36,37,37,37,38,39,39,39,41,42,43,45,45,46,47,12,An anion-exchange strategy for 3D hierarchical (BiO)2CO3/amorphous Bi2S3 heterostructures with increased solar absorption and enhanced visible light photocatalysis,2015,BS-0.50,1,0,0,0,0,0.5,0,1,1,0,0,54.0,,9.7,0.171,24.0,160.0,0.1,150.0,1.0,0.0,0.0,3.3,60.0,45.1
31,32,32,34,36,37,38,38,38,39,40,40,40,42,43,44,46,46,47,48,13,The rapid synthesis of photocatalytic (BiO)2CO3 single-crystal nanosheets via an eco-friendly approach,2014,(BiO)2CO3（100、25）,1,0,0,0,0,0.0,0,0,0,1,0,15.0,,,0.084,24.0,25.0,0.1,150.0,1.0,0.0,0.0,2.4,50.0,24.0
32,33,33,35,37,38,39,39,39,40,41,41,41,43,44,45,47,47,48,49,13,The rapid synthesis of photocatalytic (BiO)2CO3 single-crystal nanosheets via an eco-friendly approach,2014,(BiO)2CO3（100、45）,1,0,0,0,0,0.0,0,0,0,1,0,12.0,,,0.071,24.0,45.0,0.1,150.0,1.0,0.0,0.0,2.4,50.0,33.9
33,34,34,36,38,39,40,40,40,41,42,42,42,44,45,46,48,48,49,50,13,The rapid synthesis of photocatalytic (BiO)2CO3 single-crystal nanosheets via an eco-friendly approach,2014,(BiO)2CO3（100、65）,1,0,0,0,0,0.0,0,0,0,1,0,13.0,,,0.078,24.0,65.0,0.1,150.0,1.0,0.0,0.0,2.4,50.0,40.0
34,35,35,37,39,40,41,41,41,42,43,43,43,45,46,47,49,49,50,51,13,The rapid synthesis of photocatalytic (BiO)2CO3 single-crystal nanosheets via an eco-friendly approach,2014,(BiO)2CO3（100、85）,1,0,0,0,0,0.0,0,0,0,1,0,17.0,,,0.096,24.0,85.0,0.1,150.0,1.0,0.0,0.0,2.4,50.0,36.9
35,36,36,38,40,41,42,42,42,43,44,44,44,46,47,48,50,50,51,52,13,The rapid synthesis of photocatalytic (BiO)2CO3 single-crystal nanosheets via an eco-friendly approach,2014,(BiO)2CO3（1、45）,1,0,0,0,0,0.0,0,0,0,1,0,11.0,3.05,,0.063,24.0,45.0,0.1,150.0,1.0,0.0,0.0,2.4,50.0,28.8
36,37,37,39,41,42,43,43,43,44,45,45,45,47,48,49,51,51,52,53,13,The rapid synthesis of photocatalytic (BiO)2CO3 single-crystal nanosheets via an eco-friendly approach,2014,(BiO)2CO3（10、45）,1,0,0,0,0,0.0,0,0,0,1,0,14.0,,,0.11,24.0,45.0,0.1,150.0,1.0,0.0,0.0,2.4,50.0,30.4
37,38,38,40,42,43,44,44,44,45,46,46,46,48,49,50,52,52,53,54,13,The rapid synthesis of photocatalytic (BiO)2CO3 single-crystal nanosheets via an eco-friendly approach,2014,(BiO)2CO3（100、45）,1,0,0,0,0,0.0,0,0,0,1,0,12.0,,,0.071,24.0,45.0,0.1,150.0,1.0,0.0,0.0,2.4,50.0,33.9
38,39,39,41,43,44,45,45,45,46,47,47,47,49,50,51,53,53,54,55,14,In situ decoration of plasmonic Ag nanocrystals on the surface of (BiO)2CO3 hierarchical microspheres for enhanced visible light photocatalysis,2014,BOC,1,0,0,0,0,0.0,0,0,1,0,0,46.0,3.53,27.4,,24.0,160.0,0.2,150.0,1.0,0.0,0.0,2.4,,22.0
39,40,40,42,44,45,46,46,46,47,48,48,48,50,51,52,54,54,55,56,14,In situ decoration of plasmonic Ag nanocrystals on the surface of (BiO)2CO3 hierarchical microspheres for enhanced visible light photocatalysis,2014,Ag/BOC-1%,1,0,0,0,0,1.0,0,0,1,0,0,45.0,,11.5,,24.0,160.0,0.2,150.0,1.0,0.0,0.0,2.4,,40.0
40,41,41,43,45,46,47,47,47,49,50,50,50,52,53,54,56,56,57,58,14,In situ decoration of plasmonic Ag nanocrystals on the surface of (BiO)2CO3 hierarchical microspheres for enhanced visible light photocatalysis,2014,Ag/BOC-10%,1,0,0,0,0,10.0,0,0,1,0,0,41.0,,16.8,,24.0,160.0,0.2,150.0,1.0,0.0,0.0,2.4,,52.0
41,42,42,44,46,47,48,48,48,50,51,51,51,53,54,55,57,57,58,59,14,In situ decoration of plasmonic Ag nanocrystals on the surface of (BiO)2CO3 hierarchical microspheres for enhanced visible light photocatalysis,2014,Ag/BOC-20%,1,0,0,0,0,20.0,0,0,1,0,0,37.0,,26.7,,24.0,160.0,0.2,150.0,1.0,0.0,0.0,2.4,,47.0
42,43,43,45,47,48,49,49,50,52,53,53,54,56,57,58,60,60,62,63,15,Growth mechanism and photocatalytic activity of self-organized N-doped (BiO)2CO3 hierarchical nanosheet microspheres from bismuth citrate and urea,2014,BOC-12,1,0,0,0,0,1.0,0,0,1,0,0,17.78,2.31,,0.025,12.0,180.0,0.15,300.0,1.0,0.0,0.0,3.3,70.0,32.0
43,44,44,46,48,49,50,50,51,53,54,54,55,57,58,59,61,61,63,64,15,Growth mechanism and photocatalytic activity of self-organized N-doped (BiO)2CO3 hierarchical nanosheet microspheres from bismuth citrate and urea,2014,BOC-24,1,0,0,0,0,1.0,0,0,1,0,0,19.01,2.42,,0.017,24.0,180.0,0.15,300.0,1.0,0.0,0.0,3.3,70.0,45.8
44,45,45,47,49,50,51,51,52,54,55,55,56,58,59,60,62,62,64,65,15,Growth mechanism and photocatalytic activity of self-organized N-doped (BiO)2CO3 hierarchical nanosheet microspheres from bismuth citrate and urea,2014,BOC-48,1,0,0,0,0,1.0,0,0,1,0,0,30.44,2.81,,0.122,48.0,180.0,0.15,300.0,1.0,0.0,0.0,3.3,70.0,49.6
45,46,46,48,50,51,52,52,53,55,56,56,57,59,60,61,63,63,65,66,15,Growth mechanism and photocatalytic activity of self-organized N-doped (BiO)2CO3 hierarchical nanosheet microspheres from bismuth citrate and urea,2014,BOC-48(UV),1,0,0,0,0,1.0,0,0,1,0,0,30.44,2.81,,0.122,48.0,180.0,0.15,300.0,1.0,0.0,0.0,3.3,70.0,57.0
46,47,47,49,51,52,53,53,54,56,57,57,58,60,61,62,64,64,66,67,16,Mechanism of visible light photocatalytic NOx oxidation with plasmonic Bi cocatalyst-enhanced (BiO)2CO3 hierarchical microspheres,2015,pure (BiO)2CO3,1,0,0,0,0,0.0,0,0,1,0,0,46.0,3.53,27.3,0.12,24.0,160.0,0.2,100.0,1.0,0.0,0.0,2.4,50.0,19.1
47,48,48,50,52,53,54,54,55,57,58,58,59,61,62,63,65,65,67,68,16,Mechanism of visible light photocatalytic NOx oxidation with plasmonic Bi cocatalyst-enhanced (BiO)2CO3 hierarchical microspheres,2015,Bi-(BiO)2CO3,1,0,0,0,0,1.0,0,0,1,0,0,40.0,,13.6,0.093,24.0,160.0,0.2,100.0,1.0,0.0,0.0,2.4,50.0,37.2
48,49,49,51,53,54,55,55,56,58,59,59,60,62,63,64,66,66,68,69,17,Three dimensional Z-scheme (BiO)2CO3/MoS2 with enhanced visible light photocatalytic NO removal,2016, BOC,1,0,0,0,0,0.0,0,1,1,0,0,40.0,,,0.018,24.0,160.0,0.2,150.0,1.0,0.0,0.0,2.4,50.0,24.0
49,50,50,52,54,55,56,56,57,59,60,60,61,63,64,65,67,67,69,70,17,Three dimensional Z-scheme (BiO)2CO3/MoS2 with enhanced visible light photocatalytic NO removal,2016,BOC-MoS2-1%,1,0,0,0,0,1.0,0,1,1,0,0,50.0,,,0.021,24.0,160.0,0.2,150.0,1.0,0.0,0.0,2.4,50.0,33.0
50,51,51,53,55,56,58,58,59,61,62,62,63,66,67,68,70,70,73,74,18,In situ synthesis of a C-doped (BiO)2CO3 hierarchical self-assembly effectively promoting visible light photocatalysis,2015,BOC,1,0,0,0,0,0.0,0,0,1,0,0,19.0,3.38,,0.12,24.0,180.0,0.2,150.0,1.0,0.0,0.0,2.4,50.0,18.1
51,52,52,54,56,57,59,59,60,62,63,63,65,69,70,71,73,73,76,77,18,In situ synthesis of a C-doped (BiO)2CO3 hierarchical self-assembly effectively promoting visible light photocatalysis,2015,CBOC-H,1,0,0,0,0,4.0,0,0,1,0,0,20.0,2.49,,0.12,24.0,180.0,0.2,150.0,1.0,0.0,0.0,2.4,50.0,38.9
52,53,53,55,57,58,60,60,61,63,64,64,66,70,71,72,74,74,77,78,19,Enhanced extrinsic absorption promotes the visible light photocatalytic activity of wide band-gap (BiO)2CO3 hierarchical structure,2014,BOC-R3,1,0,0,0,0,0.0,0,0,1,0,0,13.8,3.34,28.0,0.085,24.0,180.0,0.15,300.0,1.0,0.0,0.0,3.3,50.0,23.0
53,54,54,56,58,59,61,61,62,64,65,65,67,71,72,73,75,75,78,79,19,Enhanced extrinsic absorption promotes the visible light photocatalytic activity of wide band-gap (BiO)2CO3 hierarchical structure,2014,BOC-R6,1,0,0,0,0,0.0,0,0,1,0,0,3.1,3.41,52.0,0.12,24.0,180.0,0.15,300.0,1.0,0.0,0.0,3.3,50.0,5.0
54,55,55,57,59,60,62,62,63,65,66,66,68,72,73,74,76,76,79,80,20,Single Precursor Mediated-Synthesis of Bi Semimetal Deposited N?Doped (BiO)2CO3 Superstructures for Highly Promoted Photocatalysis,2016,BCM,1,0,0,0,0,0.0,0,0,1,0,0,13.8,3.31,,,24.0,200.0,0.2,150.0,1.0,0.0,0.0,2.4,50.0,25.0
55,56,56,58,60,61,63,63,64,66,67,67,69,73,74,75,77,77,80,81,20,Single Precursor Mediated-Synthesis of Bi Semimetal Deposited N?Doped (BiO)2CO3 Superstructures for Highly Promoted Photocatalysis,2016,NBCM-160,1,0,0,0,0,1.0,0,0,1,0,0,67.0,2.76,,,24.0,160.0,0.2,150.0,1.0,0.0,0.0,2.4,50.0,37.1
56,57,57,59,61,62,64,64,65,67,68,68,70,74,75,76,78,78,81,82,20,Single Precursor Mediated-Synthesis of Bi Semimetal Deposited N?Doped (BiO)2CO3 Superstructures for Highly Promoted Photocatalysis,2016,NBCM-180,1,0,0,0,0,1.0,0,0,1,0,0,35.0,2.33,,,24.0,280.0,0.2,150.0,1.0,0.0,0.0,2.4,50.0,41.5
57,58,58,60,62,63,65,65,66,68,69,69,71,75,76,77,79,79,82,83,20,Single Precursor Mediated-Synthesis of Bi Semimetal Deposited N?Doped (BiO)2CO3 Superstructures for Highly Promoted Photocatalysis,2016,NBCM-200,1,0,0,0,0,1.0,0,0,1,0,0,26.0,2.96,,,24.0,200.0,0.2,150.0,1.0,0.0,0.0,2.4,50.0,50.3
58,59,59,61,63,64,66,66,67,69,70,70,72,76,77,78,80,80,83,84,21,Fe?III) cluster-grafted (BiO)2CO3 superstructures: in situ DRIFTS investigation on IFCT-enhanced visible light photocatalytic NO oxidation,2017, BC,1,0,0,0,0,0.0,0,0,1,0,0,46.0,,,0.122,12.0,60.0,0.1,150.0,1.0,0.0,0.0,3.3,60.0,21.5
59,60,60,62,64,65,67,67,68,70,71,71,73,77,78,79,81,81,84,85,21,Fe?III) cluster-grafted (BiO)2CO3 superstructures: in situ DRIFTS investigation on IFCT-enhanced visible light photocatalytic NO oxidation,2017,FBC-2,1,0,0,0,0,2.0,0,0,1,0,0,50.0,,,0.104,12.0,60.0,0.1,150.0,1.0,0.0,0.0,3.3,60.0,38.3
60,61,61,63,65,66,68,68,69,71,72,72,74,78,79,80,82,82,85,86,21,Fe?III) cluster-grafted (BiO)2CO3 superstructures: in situ DRIFTS investigation on IFCT-enhanced visible light photocatalytic NO oxidation,2017,FBC-5,1,0,0,0,0,5.0,0,0,1,0,0,58.0,,,0.112,12.0,60.0,0.1,150.0,1.0,0.0,0.0,3.3,60.0,44.1
61,62,62,64,66,67,69,69,70,72,73,73,75,79,80,81,83,83,86,87,21,Fe?III) cluster-grafted (BiO)2CO3 superstructures: in situ DRIFTS investigation on IFCT-enhanced visible light photocatalytic NO oxidation,2017,FBC-10,1,0,0,0,0,10.0,0,0,1,0,0,53.0,,,0.113,12.0,60.0,0.1,150.0,1.0,0.0,0.0,3.3,60.0,40.4
62,63,63,65,67,68,70,70,71,73,74,74,76,80,81,82,84,84,87,88,22,Efficient visible light photocatalytic NOx removal with cationic Ag clusters-grafted (BiO)2CO3 hierarchical superstructures,2017,BHS,1,0,0,0,0,0.0,0,0,1,0,0,45.9,,17.5,0.121,12.0,60.0,0.1,150.0,1.0,0.0,0.0,3.3,60.0,21.5
63,64,64,66,68,69,71,71,72,74,75,75,77,81,82,83,85,85,88,89,22,Efficient visible light photocatalytic NOx removal with cationic Ag clusters-grafted (BiO)2CO3 hierarchical superstructures,2017,BHS-Ag-0.10,1,0,0,0,0,1.0,0,0,1,0,0,43.7,,11.3,0.127,12.0,60.0,0.1,150.0,1.0,0.0,0.0,3.3,60.0,48.6
64,65,65,67,70,71,73,73,74,76,77,77,79,83,84,85,87,87,90,91,22,Efficient visible light photocatalytic NOx removal with cationic Ag clusters-grafted (BiO)2CO3 hierarchical superstructures,2017,BHS-Ag-0.50,1,0,0,0,0,5.0,0,0,1,0,0,42.7,,10.5,0.123,12.0,60.0,0.1,150.0,1.0,0.0,0.0,3.3,60.0,48.1
65,66,66,68,71,72,74,74,75,77,78,78,80,84,85,86,88,88,91,92,23,Pt quantum dots deposited on N-doped (BiO)2CO3: enhanced visible light photocatalytic NO removal and reaction pathway,2017,BOC,1,0,0,0,0,0.0,0,0,1,0,0,44.0,3.22,,0.153,24.0,60.0,0.1,100.0,1.0,0.0,0.0,2.4,50.0,24.0
66,67,67,69,72,73,75,75,76,78,79,79,81,85,86,87,89,89,92,93,23,Pt quantum dots deposited on N-doped (BiO)2CO3: enhanced visible light photocatalytic NO removal and reaction pathway,2017,NBOC,1,0,0,0,0,1.0,0,0,1,0,0,56.0,2.45,,0.264,24.0,60.0,0.1,100.0,1.0,0.0,0.0,2.4,50.0,37.0
67,68,68,70,73,74,76,76,77,79,80,80,82,86,87,88,90,90,93,94,23,Pt quantum dots deposited on N-doped (BiO)2CO3: enhanced visible light photocatalytic NO removal and reaction pathway,2017,Pt-160,1,0,0,0,0,1.0,0,0,1,0,0,29.0,,,0.195,24.0,160.0,0.1,100.0,1.0,0.0,0.0,2.4,50.0,42.2
68,69,69,71,74,75,77,77,78,80,81,81,83,87,88,89,91,91,94,95,23,Pt quantum dots deposited on N-doped (BiO)2CO3: enhanced visible light photocatalytic NO removal and reaction pathway,2017,Pt-180,1,0,0,0,0,1.0,0,0,1,0,0,42.0,,,0.169,24.0,180.0,0.1,100.0,1.0,0.0,0.0,2.4,50.0,43.3
69,70,70,73,76,77,79,79,80,82,83,83,87,91,92,93,95,95,99,100,25,Controlled deposition of Au on (BiO)2CO3 microspheres: the size and content of Au nanoparticles matter,2015,BOC,1,0,0,0,0,0.0,0,0,1,0,0,46.0,,,0.1134,24.0,160.0,0.2,150.0,1.0,0.0,0.0,2.4,,22.0
71,72,73,76,79,80,82,82,84,86,87,88,92,96,97,98,100,100,104,105,26,Hydrothermal formation of N-doped (BiO)2CO3 honeycomb like microspheres photocatalysts with bismuth citrate and dicyandiamide as precursors,2013,N-BOC-180℃,1,0,0,0,0,1.0,0,0,1,0,0,18.0,2.38,,,24.0,180.0,0.2,150.0,1.0,0.0,0.0,2.4,,41.0
72,73,74,77,80,81,83,83,85,87,88,89,93,97,98,99,101,101,105,106,26,Hydrothermal formation of N-doped (BiO)2CO3 honeycomb like microspheres photocatalysts with bismuth citrate and dicyandiamide as precursors,2013,N-BOC-210℃,1,0,0,0,0,1.0,0,0,1,0,0,11.0,3.15,,,24.0,210.0,0.2,150.0,1.0,0.0,0.0,2.4,,33.0
73,74,75,78,82,83,85,85,87,89,90,91,96,100,101,102,104,105,110,111,28,Bi metal prevents the deactivation of oxygen vacancies in Bi2O2CO3 for stable and efficient photocatalytic NO abatement,2020,OV-BOC,1,0,0,0,0,0.0,1,0,0,1,0,4.06,,8.0,,12.0,200.0,0.2,150.0,1.0,0.0,0.0,2.4,50.0,31.7
74,75,76,79,83,84,86,86,88,90,91,92,97,101,102,103,105,106,111,112,28,Bi metal prevents the deactivation of oxygen vacancies in Bi2O2CO3 for stable and efficient photocatalytic NO abatement,2020,Bi@OV-BOC,1,0,0,0,0,1.0,1,0,0,1,0,4.15,,3.0,,12.0,200.0,0.2,150.0,1.0,0.0,0.0,2.4,50.0,40.8
75,76,77,80,84,85,87,87,89,91,92,93,98,102,103,104,106,107,112,113,29,The mechanisms of interfacial charge transfer and photocatalysis reaction over Cs3Bi2Cl9 QD/(BiO)2CO3 heterojunction,2022,CBC,1,0,0,0,0,0.0,0,1,1,0,0,,3.55,,,24.0,160.0,0.1,150.0,1.0,0.0,0.0,2.4,,27.6
76,77,78,81,85,86,88,88,90,92,93,94,99,103,104,105,107,108,113,114,29,The mechanisms of interfacial charge transfer and photocatalysis reaction over Cs3Bi2Cl9 QD/(BiO)2CO3 heterojunction,2022,BOC,1,0,0,0,0,0.0,0,1,1,0,0,,2.56,,,24.0,160.0,0.1,150.0,1.0,0.0,0.0,2.4,,28.0
77,78,79,82,86,87,89,89,91,93,94,95,100,104,105,106,108,109,114,115,29,The mechanisms of interfacial charge transfer and photocatalysis reaction over Cs3Bi2Cl9 QD/(BiO)2CO3 heterojunction,2022,C-B-0.5,1,0,0,0,0,0.1,0,1,1,0,0,,,,,24.0,160.0,0.1,150.0,1.0,0.0,0.0,2.4,,38.6
78,79,80,83,88,89,91,91,93,95,96,97,102,106,107,108,110,111,116,117,29,The mechanisms of interfacial charge transfer and photocatalysis reaction over Cs3Bi2Cl9 QD/(BiO)2CO3 heterojunction,2022,C-B-3,1,0,0,0,0,3.0,0,1,1,0,0,,,,,24.0,160.0,0.1,150.0,1.0,0.0,0.0,2.4,,40.2
79,80,81,84,89,90,92,92,94,96,97,98,103,107,108,109,111,112,117,118,30,La-doping induced localized excess electrons on (BiO)2CO3 for efficient photocatalytic NO removal and toxic intermediates suppression,2020,BOC,1,0,0,0,0,0.0,0,0,1,0,0,49.0,3.29,33.0,0.141,24.0,160.0,0.2,150.0,1.0,0.0,0.0,2.4,50.0,15.2
80,82,83,86,91,92,94,94,97,99,100,101,106,110,111,112,114,115,120,121,30,La-doping induced localized excess electrons on (BiO)2CO3 for efficient photocatalytic NO removal and toxic intermediates suppression,2020,La-BOC-10,1,0,0,0,0,10.0,0,0,1,0,0,,3.25,,,24.0,160.0,0.2,150.0,1.0,0.0,0.0,2.4,50.0,44.0
81,83,84,87,92,93,95,95,98,100,101,102,107,111,112,113,115,116,121,122,31,Doping and facet effects synergistically mediated interfacial reaction mechanism and selectivity in photocatalytic NO abatement,2021,BOC-110,1,0,0,0,0,0.0,0,0,1,0,0,7.18,3.39,,0.04,24.0,180.0,0.2,150.0,1.0,0.0,0.0,2.4,50.0,12.5
82,84,85,88,93,94,96,96,99,101,102,103,108,112,113,114,116,117,122,123,31,Doping and facet effects synergistically mediated interfacial reaction mechanism and selectivity in photocatalytic NO abatement,2021,BOC-001,1,0,0,0,0,0.0,0,0,1,0,0,5.82,3.43,,0.03,24.0,180.0,0.2,150.0,1.0,0.0,0.0,2.4,50.0,8.0
83,85,86,89,94,95,97,97,100,102,103,104,109,113,114,115,117,118,123,124,31,Doping and facet effects synergistically mediated interfacial reaction mechanism and selectivity in photocatalytic NO abatement,2021,NBOC-110,1,0,0,0,0,1.0,0,0,1,0,0,30.37,2.96,,0.16,24.0,180.0,0.2,150.0,1.0,0.0,0.0,2.4,50.0,52.0
84,86,87,90,95,96,98,98,101,103,104,105,110,114,115,116,118,119,124,125,31,Doping and facet effects synergistically mediated interfacial reaction mechanism and selectivity in photocatalytic NO abatement,2021,NBOC-001,1,0,0,0,0,1.0,0,0,1,0,0,6.71,3.25,,0.06,24.0,180.0,0.2,150.0,1.0,0.0,0.0,2.4,50.0,36.4
85,87,88,91,96,97,99,99,102,104,105,106,111,115,116,117,119,120,125,126,32,Ternary Ag/AgCl-(BiO)2CO3 composites as high-performance visible-light plasmonic photocatalysts,2017,Ag/AgCl,0,0,0,0,0,0.0,0,0,1,0,0,0.664,,,0.000865,24.0,160.0,0.2,150.0,1.0,0.0,0.0,2.4,50.0,28.1
86,88,89,92,97,98,100,100,103,105,106,107,112,116,117,118,120,121,126,127,32,Ternary Ag/AgCl-(BiO)2CO3 composites as high-performance visible-light plasmonic photocatalysts,2017,BOC,1,0,0,0,0,0.0,0,0,1,0,0,49.3418,,,0.142199,24.0,160.0,0.2,150.0,1.0,0.0,0.0,2.4,50.0,21.5
87,89,90,93,98,99,101,101,104,107,108,109,114,118,119,120,122,123,128,129,32,Ternary Ag/AgCl-(BiO)2CO3 composites as high-performance visible-light plasmonic photocatalysts,2017,Ag/AgCl-BOC-30,1,0,0,0,0,30.0,0,0,1,0,0,,,,,24.0,160.0,0.2,150.0,1.0,0.0,0.0,2.4,50.0,42.91
88,90,91,94,99,100,102,102,105,108,109,110,115,119,120,121,123,124,129,130,32,Ternary Ag/AgCl-(BiO)2CO3 composites as high-performance visible-light plasmonic photocatalysts,2017,Ag/AgCl-BOC-50,1,0,0,0,0,50.0,0,0,1,0,0,,,,,24.0,160.0,0.2,150.0,1.0,0.0,0.0,2.4,50.0,41.01
89,91,92,95,100,102,105,106,109,112,113,114,120,124,125,126,128,130,136,137,35,In situ growth of Au nanoparticles on 3D Bi2O2CO3 for surface plasmon enhanced visible light photocatalysis,2015,BOC,1,0,0,0,0,0.0,0,0,0,1,0,46.0,3.4,,0.177,24.0,160.0,0.1,100.0,1.0,0.0,0.0,2.4,50.0,23.4
90,92,93,96,101,103,106,107,110,113,114,115,121,125,126,128,130,132,138,139,36,A Bi/BiOI/(BiO)2CO3 heterostructure for enhanced photocatalytic NO removal under visible light,2019,BOC,1,0,0,0,0,0.0,0,0,1,0,0,,,,,24.0,160.0,0.2,150.0,1.0,0.0,0.0,,,21.7
91,93,94,97,102,104,107,108,111,114,115,116,122,126,127,129,131,133,139,140,36,A Bi/BiOI/(BiO)2CO3 heterostructure for enhanced photocatalytic NO removal under visible light,2019,BOC-2,1,0,0,0,0,2.0,0,0,1,0,0,,,,,24.0,160.0,0.2,150.0,1.0,0.0,0.0,,,35.2
92,94,95,98,103,105,108,109,112,115,116,117,123,127,128,130,132,134,140,141,36,A Bi/BiOI/(BiO)2CO3 heterostructure for enhanced photocatalytic NO removal under visible light,2019,BOC-5,1,0,0,0,0,5.0,0,0,1,0,0,,,,,24.0,160.0,0.2,150.0,1.0,0.0,0.0,,,41.8
93,95,96,99,104,106,109,110,113,116,117,118,124,128,129,131,133,135,141,142,36,A Bi/BiOI/(BiO)2CO3 heterostructure for enhanced photocatalytic NO removal under visible light,2019,BOC-10,1,0,0,0,0,10.0,0,0,1,0,0,,,,,24.0,160.0,0.2,150.0,1.0,0.0,0.0,,,39.5
94,96,97,100,105,107,110,111,114,117,118,119,125,129,130,132,134,136,142,143,36,A Bi/BiOI/(BiO)2CO3 heterostructure for enhanced photocatalytic NO removal under visible light,2019,BOC-20,1,0,0,0,0,20.0,0,0,1,0,0,,,,,24.0,160.0,0.2,150.0,1.0,0.0,0.0,,,36.4
95,97,98,102,107,109,112,113,116,120,121,122,128,132,134,137,139,141,147,148,37,Anionic Group Self-Doping as a Promising Strategy: Band Gap Engineering and Multi-Functional Applications of High Performance CO32?-Doped Bi2O2CO3,2015,BOC-4,1,0,0,0,0,4.0,0,0,0,1,0,18.7,2.72,,,24.0,160.0,0.2,500.0,0.0,0.0,1.0,2.4,,48.0
96,98,99,103,108,110,113,114,117,122,123,125,131,135,137,140,142,144,150,151,38,Facile construction of Bi2Mo3O12@Bi2O2CO3 heterojunctions for enhanced photocatalytic efficiency toward NO removal and study of the conversion process,2020,BMO-BOC-1,1,0,0,0,0,1.0,0,1,0,1,0,,,,,18.0,160.0,0.2,150.0,1.0,0.0,0.0,,,37.0
97,99,100,104,109,111,114,115,118,123,124,126,132,136,138,141,143,145,151,152,38,Facile construction of Bi2Mo3O12@Bi2O2CO3 heterojunctions for enhanced photocatalytic efficiency toward NO removal and study of the conversion process,2020,BMO-BOC-0.5,1,0,0,0,0,0.5,0,1,0,1,0,,,,,18.0,160.0,0.2,150.0,1.0,0.0,0.0,,,32.0
98,100,101,105,110,112,115,116,119,124,125,127,133,137,139,142,144,146,152,153,39,Effects of Morphology and Crystallinity on the Photocatalytic Activity of (BiO)2CO3 Nano/microstructures,2014, (BiO)2CO3-M,1,0,0,0,0,0.0,0,0,1,0,0,34.5,3.14,,,24.0,180.0,0.15,300.0,1.0,0.0,0.0,3.3,70.0,42.6
99,101,102,106,112,114,117,118,121,126,127,129,135,139,141,144,146,148,155,156,40,A Bi/BiOI/(BiO)2CO3 heterostructure for enhanced photocatalytic NO removal under visible light,2019,BOI,1,0,0,0,0,0.0,0,1,0,1,0,44.799,3.3,,,24.0,180.0,0.2,150.0,1.0,0.0,0.0,2.4,50.0,21.7
100,102,103,107,113,115,118,119,122,127,128,130,136,140,142,145,147,149,156,157,40,A Bi/BiOI/(BiO)2CO3 heterostructure for enhanced photocatalytic NO removal under visible light,2019,BOI-70,1,0,0,0,0,1.0,0,1,0,1,0,54.742,3.19,,,24.0,180.0,0.2,150.0,1.0,0.0,0.0,2.4,50.0,41.8
101,103,104,109,115,117,120,121,125,130,131,133,139,143,146,149,151,153,160,161,42,Mass-Controlled Direct Synthesis of Graphene-like Carbon Nitride Nanosheets with Exceptional High Visible Light Activity. Less is Better,2015,BOC-4,1,0,0,0,0,4.0,0,0,0,1,0,18.7,2.72,,,24.0,160.0,0.2,500.0,0.0,0.0,1.0,2.4,50.0,48.0
102,104,105,110,116,118,121,122,126,131,132,134,140,144,147,150,152,154,161,162,42,Mass-Controlled Direct Synthesis of Graphene-like Carbon Nitride Nanosheets with Exceptional High Visible Light Activity. Less is Better,2015,BOC-5,1,0,0,0,0,5.0,0,0,0,1,0,25.31,2.94,0.5,,,,0.2,300.0,0.0,0.0,1.0,,50.0,42.0
103,105,106,111,117,119,122,123,127,132,133,135,141,145,148,151,153,155,162,163,42,Mass-Controlled Direct Synthesis of Graphene-like Carbon Nitride Nanosheets with Exceptional High Visible Light Activity. Less is Better,2015,BOC-6,1,0,0,0,0,6.0,0,0,0,1,0,25.31,2.94,0.5,,,,0.2,300.0,0.0,0.0,1.0,,50.0,40.6
104,106,107,112,118,120,123,124,128,133,134,136,142,146,149,152,154,156,163,164,43,In-situ generation of oxygen vacancies and metallic bismuth from (BiO)2CO3 via N2-assisted thermal-treatment for efficient selective photocatalytic NO removal,2021,BOC,1,0,0,0,0,0.0,0,0,1,0,0,44.08,,7.32,,2.0,140.0,0.1,300.0,0.0,0.0,1.0,,35.0,26.0
105,107,108,113,119,121,124,125,129,134,135,137,143,147,150,153,155,157,164,165,43,In-situ generation of oxygen vacancies and metallic bismuth from (BiO)2CO3 via N2-assisted thermal-treatment for efficient selective photocatalytic NO removal,2021,160BOC,1,0,0,0,0,0.0,0,0,1,0,0,,,8.18,,2.0,160.0,0.1,300.0,0.0,0.0,1.0,,35.0,31.0
106,108,109,114,120,122,125,126,130,135,136,138,144,148,151,154,156,158,165,166,43,In-situ generation of oxygen vacancies and metallic bismuth from (BiO)2CO3 via N2-assisted thermal-treatment for efficient selective photocatalytic NO removal,2021,200BOC,1,0,0,0,0,0.0,0,0,1,0,0,,,8.42,,2.0,200.0,0.1,300.0,0.0,0.0,1.0,,35.0,34.0
107,109,110,115,121,123,126,127,131,136,137,139,145,149,152,155,157,159,166,167,43,In-situ generation of oxygen vacancies and metallic bismuth from (BiO)2CO3 via N2-assisted thermal-treatment for efficient selective photocatalytic NO removal,2021,240BOC,1,0,0,0,0,0.0,0,0,1,0,0,38.81,,3.62,,2.0,240.0,0.1,300.0,0.0,0.0,1.0,,35.0,50.0
108,110,111,116,122,124,127,128,132,137,138,140,146,150,153,156,158,160,167,168,43,In-situ generation of oxygen vacancies and metallic bismuth from (BiO)2CO3 via N2-assisted thermal-treatment for efficient selective photocatalytic NO removal,2021,280BOC,1,0,0,0,0,0.0,0,0,1,0,0,,,0.56,,2.0,280.0,0.1,300.0,0.0,0.0,1.0,,35.0,55.0
109,111,112,117,123,125,128,129,133,138,139,141,147,151,154,157,159,161,168,169,43,In-situ generation of oxygen vacancies and metallic bismuth from (BiO)2CO3 via N2-assisted thermal-treatment for efficient selective photocatalytic NO removal,2021,320BOC,1,0,0,0,0,0.0,0,0,1,0,0,32.65,,0.43,,2.0,320.0,0.1,300.0,0.0,0.0,1.0,,35.0,56.0
110,112,113,120,126,128,131,133,137,142,143,146,152,157,160,163,165,167,174,175,45,In situ Fabrication of α- Bi2O3/(BiO)2CO3 Nanoplate Heterojunctions with Tunable Optical Property and Photocatalytic Activity,2016,BOC,1,0,0,0,0,0.0,0,1,0,1,0,12.5,3.06,,,24.0,160.0,0.2,300.0,0.0,0.0,1.0,1.2,,28.0
111,113,114,121,127,129,132,134,138,143,144,147,153,158,161,164,166,168,175,176,45,In situ Fabrication of α- Bi2O3/(BiO)2CO3 Nanoplate Heterojunctions with Tunable Optical Property and Photocatalytic Activity,2016,BOC-400,1,0,0,0,0,0.0,0,1,0,1,0,15.7,2.97,,,24.0,160.0,0.2,300.0,0.0,0.0,1.0,1.2,,34.9
112,114,115,122,128,130,133,135,139,144,145,148,154,159,162,165,167,169,176,177,45,In situ Fabrication of α- Bi2O3/(BiO)2CO3 Nanoplate Heterojunctions with Tunable Optical Property and Photocatalytic Activity,2016,BOC-450,1,0,0,0,0,0.0,0,1,0,1,0,18.2,2.81,,,24.0,160.0,0.2,300.0,0.0,0.0,1.0,1.2,,32.6
113,115,116,123,129,131,134,136,140,145,146,149,155,160,163,166,168,170,177,178,46,Visible-light-driven N-(BiO)2CO3/Graphene oxide composites with improved photocatalytic activity and selectivity for Nox removal,2018,BOC,1,0,0,0,0,0.0,0,0,0,1,0,2.32,3.26,40.6,,,,0.2,300.0,0.0,0.0,1.0,,,11.8
114,116,117,124,130,132,135,137,141,146,147,150,156,161,164,167,169,171,178,179,46,Visible-light-driven N-(BiO)2CO3/Graphene oxide composites with improved photocatalytic activity and selectivity for Nox removal,2018,BOC-GO-1,1,0,0,0,0,0.0,0,0,0,1,0,5.47,,,,,,0.2,300.0,0.0,0.0,1.0,,,21.3
115,117,118,125,131,133,136,138,142,147,148,151,157,162,165,168,170,172,179,180,46,Visible-light-driven N-(BiO)2CO3/Graphene oxide composites with improved photocatalytic activity and selectivity for Nox removal,2018,NBOC,1,0,0,0,0,1.0,0,0,0,1,0,25.31,2.94,0.5,,,,0.2,300.0,0.0,0.0,1.0,,,40.6
116,120,121,128,134,136,139,141,146,151,152,155,161,166,169,172,174,176,183,184,46,Visible-light-driven N-(BiO)2CO3/Graphene oxide composites with improved photocatalytic activity and selectivity for Nox removal,2018,NBOC-GO-1.5,1,0,0,0,0,1.5,0,0,0,1,0,22.64,,,,,,0.2,300.0,0.0,0.0,1.0,,,47.0
117,121,122,129,135,137,140,142,147,152,153,156,162,167,170,173,175,177,184,185,47,Plasmonic Bi metal as cocatalyst and photocatalyst: The case of Bi/(BiO)2CO3 and Bi particles,2017,BOC,1,0,0,0,0,0.0,0,0,1,0,0,45.0,,,0.11,,,0.2,150.0,0.0,0.0,1.0,2.4,50.0,23.7
118,122,123,130,136,138,141,143,148,153,154,157,163,169,172,175,177,179,186,187,48,Visible-light-driven N-(BiO) 2 CO 3 /Graphene oxide composites with improved photocatalytic activity and selectivity for NOx removal,2018, BOC,1,0,0,0,0,0.0,0,0,1,0,0,2.32,3.26,40.6,,,,0.2,300.0,0.0,0.0,1.0,,,11.8
119,123,124,131,137,139,142,144,149,154,155,158,164,170,173,176,178,180,187,188,49,Synergetic effects of I? ions and BiOI on visible-light-activity enhancement of wide-band-gap (BiO)2CO3,2017,N-BOC,1,0,0,0,0,1.0,0,0,1,0,0,25.31,2.94,0.5,,,,0.2,300.0,0.0,0.0,1.0,,,40.6
120,124,125,132,138,140,144,146,151,156,157,160,166,172,175,179,182,184,191,192,51,Tuning the Morphological Structure and Photocatalytic Activity of Nitrogen-Doped (BiO)2CO3 by the Hydrothermal Temperature,2015,N-BOC-180,1,0,0,0,0,1.0,0,0,1,0,0,21.0,,,,,180.0,0.1,100.0,1.0,0.0,0.0,2.4,70.0,44.1
121,125,126,133,139,141,145,147,152,157,158,161,168,174,177,181,184,186,193,194,52,Study on the effective removal of NO by light-driven N-BiOCl,2022,BiOCl,0,1,0,0,0,0.0,0,0,0,1,0,6.9,3.25,,0.03,24.0,180.0,0.3,300.0,0.0,0.0,1.0,0.1,,60.0
122,126,127,134,140,142,146,148,153,158,159,162,169,175,178,182,185,187,194,195,52,Study on the effective removal of NO by light-driven N-BiOCl,2022,N-BiOCl,0,1,0,0,0,3.0,0,0,0,1,0,11.6,3.1,7.0,0.04,24.0,180.0,0.3,300.0,0.0,0.0,1.0,0.1,,50.0
123,127,128,135,141,143,147,149,154,159,160,163,170,176,179,183,186,188,195,196,53,Facile Synthesis of TernaryMg-C3N4@BiOCl/Bi12O17Cl2 Composites With Excellent Visible Light Photocatalytic Activity for NO Removal,2019,BOC-CN,1,0,0,0,0,0.0,0,1,0,0,1,32.8,,,0.176,24.0,60.0,0.2,100.0,1.0,0.0,0.0,2.4,50.0,46.8
124,128,129,136,142,144,148,150,155,160,161,164,171,177,180,184,187,189,196,197,53,Facile Synthesis of TernaryMg-C3N4@BiOCl/Bi12O17Cl2 Composites With Excellent Visible Light Photocatalytic Activity for NO Removal,2019,BiOBr/C3N4,0,1,0,0,0,0.0,0,1,0,0,1,,,,,24.0,60.0,0.2,100.0,1.0,0.0,0.0,2.4,50.0,32.7
125,129,130,137,143,145,149,151,156,161,162,165,172,178,182,186,190,192,199,200,55,2D BiOCl/Bi12O17Cl2 nanojunction: Enhanced visible light photocatalytic NO removal and in situ DRIFTS investigation,2018,BiOCl,0,1,0,0,0,0.0,0,0,0,0,1,,3.2,,,24.0,150.0,0.2,150.0,1.0,0.0,0.0,2.4,50.0,25.8
126,130,131,138,144,146,150,152,157,162,163,166,173,179,183,187,191,193,200,201,55,2D BiOCl/Bi12O17Cl2 nanojunction: Enhanced visible light photocatalytic NO removal and in situ DRIFTS investigation,2018,BiOCl/Bi12O17Cl2,1,1,0,0,0,0.0,0,1,0,0,1,,2.77,,,24.0,150.0,0.2,150.0,1.0,0.0,0.0,2.4,50.0,37.2
127,131,132,139,145,147,151,153,158,163,164,167,174,180,184,188,192,194,201,202,56,Facets and defects cooperatively promote visible light plasmonic photocatalysis with Bi nanowires@BiOCl nanosheets,2016,B001-Bi10,0,1,0,0,0,0.0,0,1,0,1,0,9.4,3.17,,,24.0,160.0,0.2,150.0,1.0,0.0,0.0,2.4,50.0,30.0
128,132,133,140,146,148,152,154,159,164,165,168,175,181,185,189,193,196,203,204,57,Boosting Visible-Light-Driven Photo-oxidation of BiOCl by Promoted Charge Separation via Vacancy Engineering,2019,BiOCl,0,1,0,0,0,0.0,0,0,0,1,0,,3.4,,,16.0,170.0,0.2,300.0,0.0,0.0,1.0,2.4,50.0,26.0
129,134,135,142,148,150,154,156,161,166,167,170,177,183,187,191,195,198,205,206,58,Bi quantum dots implanted 2D C-doped BiOCl nanosheets: Enhanced visible light photocatalysis efficiency and reaction pathway,2020,C/BOC/B-1,0,1,0,0,0,1.0,0,1,0,1,0,,3.1,,,18.0,180.0,0.2,150.0,0.0,0.0,1.0,,,31.0
130,135,136,143,149,151,155,157,162,167,168,171,178,184,188,192,196,199,206,207,58,Bi quantum dots implanted 2D C-doped BiOCl nanosheets: Enhanced visible light photocatalysis efficiency and reaction pathway,2020,C/BOC/B-1.5,0,1,0,0,0,1.5,0,1,0,1,0,,,,,18.0,180.0,0.2,150.0,0.0,0.0,1.0,,,40.6
131,136,137,144,150,152,156,158,163,168,169,172,179,185,189,193,197,200,207,208,58,Bi quantum dots implanted 2D C-doped BiOCl nanosheets: Enhanced visible light photocatalysis efficiency and reaction pathway,2020,C/BOC/B-2,0,1,0,0,0,2.0,0,1,0,1,0,,,,,18.0,180.0,0.2,150.0,0.0,0.0,1.0,,,38.0
132,137,138,145,152,154,158,160,165,170,171,174,183,189,193,201,206,209,216,217,61,Photocatalytic NOx Oxidation of BiOCl Nanostructure-Based Films Grown Using Aerosol-Assisted Chemical Vapor Deposition,2023,BD,0,1,0,0,0,0.0,0,0,0,1,0,6.9,3.25,,0.03,24.0,400.0,0.3,300.0,0.0,0.0,1.0,0.1,,60.0
133,138,139,146,153,155,159,161,166,171,172,175,184,190,194,202,207,210,217,218,61,Photocatalytic NOx Oxidation of BiOCl Nanostructure-Based Films Grown Using Aerosol-Assisted Chemical Vapor Deposition,2023,BDN,0,1,0,0,0,3.0,0,0,0,1,0,11.6,3.1,7.0,0.04,24.0,400.0,0.3,300.0,0.0,0.0,1.0,0.1,,50.0
134,139,140,147,154,156,160,162,167,172,173,176,185,191,195,203,208,211,218,219,61,Photocatalytic NOx Oxidation of BiOCl Nanostructure-Based Films Grown Using Aerosol-Assisted Chemical Vapor Deposition,2023,BAT,0,1,0,0,0,1.0,0,1,0,1,0,10.8,3.1,,,18.0,400.0,0.2,150.0,0.0,0.0,1.0,,,30.0
135,140,141,148,155,157,161,163,168,173,174,177,186,192,196,204,209,212,219,220,61,Photocatalytic NOx Oxidation of BiOCl Nanostructure-Based Films Grown Using Aerosol-Assisted Chemical Vapor Deposition,2023,BEA,0,1,0,0,0,1.5,0,1,0,1,0,9.4,3.17,,,18.0,400.0,0.2,150.0,0.0,0.0,1.0,,,41.0
136,141,142,149,156,158,162,164,169,174,175,178,187,193,197,205,210,213,220,221,61,Photocatalytic NOx Oxidation of BiOCl Nanostructure-Based Films Grown Using Aerosol-Assisted Chemical Vapor Deposition,2023,BMH,0,1,0,0,0,2.0,0,1,0,1,0,13.8,3.22,,,18.0,400.0,0.2,150.0,0.0,0.0,1.0,,,38.0
137,142,143,150,157,159,163,165,170,175,176,179,188,194,198,206,211,214,221,222,62,Oxygen vacancies on the BiOCl surface promoted photocatalytic complete NO oxidation via superoxide radicals,2020,OV-BCl-1,0,1,0,0,0,0.0,1,0,0,1,0,7.18,3.39,,0.04,24.0,180.0,0.2,150.0,1.0,0.0,0.0,2.4,50.0,12.5
138,143,144,151,158,160,164,166,171,176,177,180,189,195,199,207,212,215,222,223,62,Oxygen vacancies on the BiOCl surface promoted photocatalytic complete NO oxidation via superoxide radicals,2020,OV-BCl-2,0,1,0,0,0,0.0,1,0,0,1,0,5.82,3.43,,0.03,24.0,180.0,0.2,150.0,1.0,0.0,0.0,2.4,50.0,8.0
139,144,145,152,159,161,165,167,172,178,179,182,191,197,201,209,214,217,224,225,63,Ag/AgCl nanoparticles assembled on BiOCl/Bi12O17Cl2 nanosheets: Enhanced plasmonic visible light photocatalysis and in situ DRIFTS investigation,2018,BOC,0,1,0,0,0,0.0,0,0,0,1,0,29.7,3.2,,0.158,24.0,180.0,0.2,150.0,1.0,0.0,0.0,2.4,50.0,37.2
140,146,147,154,161,163,167,169,174,180,181,184,193,199,203,211,216,219,226,227,63,Ag/AgCl nanoparticles assembled on BiOCl/Bi12O17Cl2 nanosheets: Enhanced plasmonic visible light photocatalysis and in situ DRIFTS investigation,2018,1:2 Ag/AgCl@BOC,0,1,0,0,0,2.0,0,1,0,1,0,23.1,,,0.124,24.0,180.0,0.2,150.0,1.0,0.0,0.0,2.4,50.0,49.5
141,147,148,155,162,164,168,170,175,181,182,185,194,200,204,212,217,220,227,228,63,Ag/AgCl nanoparticles assembled on BiOCl/Bi12O17Cl2 nanosheets: Enhanced plasmonic visible light photocatalysis and in situ DRIFTS investigation,2018,1:5 Ag/AgCl@BOC,0,1,0,0,0,5.0,0,1,0,1,0,26.5,,,0.125,24.0,180.0,0.2,150.0,1.0,0.0,0.0,2.4,50.0,50.0
142,148,149,156,163,165,169,171,176,182,183,186,195,201,205,213,218,221,228,229,64,Molecular oxygen activation enhancement by BiOBr0.5I0.5/BiOI utilizing the synergistic effect of solid solution and heterojunctions for photocatalytic NO removal,2020, BiOBr0.5I0.5/BiOI,0,1,0,0,0,0.0,0,1,0,1,0,35.0,,,,12.0,100.0,0.15,300.0,0.0,0.0,1.0,,,36.2
143,149,150,157,164,166,170,172,177,183,184,187,196,202,206,214,219,222,229,230,64,Molecular oxygen activation enhancement by BiOBr0.5I0.5/BiOI utilizing the synergistic effect of solid solution and heterojunctions for photocatalytic NO removal,2020,BiOBr0.5I0.5,0,1,0,0,0,0.0,0,1,0,1,0,8.2,1.9,,,12.0,100.0,0.15,300.0,0.0,0.0,1.0,,,22.3
144,151,153,160,167,169,173,175,181,187,188,192,201,207,211,220,225,229,236,237,67,Synergetic effect of BiOCl/Bi12O17Cl2 and MoS2: in situ DRIFTS investigation on photocatalytic NO oxidation pathway,2019,BOC-MS-0.5,0,1,0,0,0,0.5,0,1,0,0,1,26.3,,,0.158,4.0,60.0,0.2,150.0,1.0,0.0,0.0,2.4,50.0,32.0
146,153,155,162,169,171,175,177,183,189,190,194,203,209,213,222,227,231,238,239,67,Synergetic effect of BiOCl/Bi12O17Cl2 and MoS2: in situ DRIFTS investigation on photocatalytic NO oxidation pathway,2019,BOC-MS-3.0,0,1,0,0,0,3.0,0,1,0,0,1,31.1,,,0.162,4.0,60.0,0.2,150.0,1.0,0.0,0.0,2.4,50.0,41.0
147,154,156,163,170,172,176,178,184,191,192,196,205,211,215,224,229,233,240,241,68,Visible-light-driven N-(BiO) 2 CO 3 /Graphene oxide composites with improved photocatalytic activity and selectivity for NOx removal,2018, BOC,1,0,0,0,0,0.0,0,0,1,0,0,2.32,3.26,40.6,,24.0,160.0,0.2,300.0,0.0,0.0,1.0,2.4,50.0,11.8
148,155,157,164,171,173,177,179,185,192,193,197,206,212,216,225,230,234,241,242,69,Construction of BiOCl/CuBi2O4 S-scheme heterojunction with oxygen vacancy for enhanced photocatalytic diclofenac degradation and nitric oxide removal,2021,BOC,1,0,0,0,0,0.0,0,0,0,1,0,3.12,,,,12.0,160.0,0.2,300.0,0.0,0.0,1.0,2.4,70.0,29.0
149,157,159,166,173,175,180,182,188,196,197,201,210,217,221,231,236,240,247,248,71,Effect of oxygen vacancies on the photocatalytic activity of flower-like BiOBr microspheres towards NO oxidation and CO2 reduction,2023,BrGL40,0,1,0,0,0,0.0,1,0,0,1,0,16.0,2.83,11.98,0.15,24.0,160.0,0.2,30.0,0.0,1.0,0.0,2.0,70.0,14.85
150,158,160,167,174,176,181,183,189,197,198,202,211,218,222,232,237,241,248,249,71,Effect of oxygen vacancies on the photocatalytic activity of flower-like BiOBr microspheres towards NO oxidation and CO2 reduction,2023,BrGL80,0,1,0,0,0,0.0,1,0,0,1,0,7.0,2.78,13.3,0.05,24.0,160.0,0.2,30.0,0.0,1.0,0.0,2.0,70.0,40.38
151,159,161,168,175,177,182,184,191,199,200,204,213,220,225,235,240,244,251,252,72,Change in photocatalytic NO removal mechanisms of ultrathin BiOBr/BiOI via NO3– adsorption,2019,BiOBr/BiOI-U,0,1,0,0,0,3.0,0,0,0,1,0,11.6,3.1,7.0,0.04,24.0,180.0,0.3,300.0,0.0,0.0,1.0,0.1,70.0,50.0
152,160,162,169,176,178,183,185,192,200,201,205,214,221,226,236,241,245,252,253,73,Ternary heterostructural BiOBr0.5I0.5/BiOBr/BiOI engineering for efficient photocatalytic NO removal via synergistic effects of enhanced carrier and exciton photocatalysis,2019,"BiOBr
0.5I0.5/
BiOBr/BiOI",0,1,0,0,0,0.0,0,1,0,1,0,28.08,,,,12.0,100.0,0.15,300.0,0.0,0.0,1.0,,,47.9
153,161,163,170,177,179,184,186,193,201,202,206,215,222,227,237,242,246,253,254,73,Ternary heterostructural BiOBr0.5I0.5/BiOBr/BiOI engineering for efficient photocatalytic NO removal via synergistic effects of enhanced carrier and exciton photocatalysis,2019,BiOBr0.5I0.5,0,1,0,0,0,0.0,0,1,0,1,0,6.65,,,,12.0,100.0,0.15,300.0,0.0,0.0,1.0,,,29.7
154,162,164,171,178,180,185,187,194,202,203,207,217,225,230,240,246,251,258,259,74,Optimizing the Electronic Structure of BiOBr Nanosheets via Combined Ba Doping and Oxygen Vacancies for Promoted Photocatalysis,2021,BBA-3,0,1,0,0,0,10.0,0,0,0,1,0,,2.55,,,24.0,180.0,0.2,150.0,1.0,0.0,0.0,2.4,,42.0
155,163,165,172,179,181,186,189,197,206,207,211,221,229,234,244,250,255,263,264,76,An atomic insight into BiOBr/La2Ti2O7 p–n heterojunctions: interfacial charge transfer pathway and photocatalysis mechanism,2020,B-L-2,0,1,0,0,0,5.0,0,0,0,1,0,30.7,2.83,,,24.0,200.0,0.2,150.0,1.0,0.0,0.0,2.4,,43.0
156,164,166,173,180,183,188,192,200,209,210,215,225,233,238,248,254,260,268,269,78,BiOBr-BN Photocatalysts for Promoting Photocatalytic NO Oxidation and Inhibiting Toxic By-products,2020, BiOBr,0,1,0,0,0,0.0,0,1,0,1,0,9.018,,16.4,,5.0,900.0,0.1,150.0,1.0,0.0,0.0,2.0,,26.4
157,165,167,174,181,184,189,194,202,211,213,218,228,236,241,251,257,263,271,272,79,Mechanisms of Interfacial Charge Transfer and Photocatalytic NO Oxidation on BiOBr/SnO2 p?n Heterojunctions,2020,B-S-4,0,1,0,0,0,5.0,0,0,0,1,0,,,,,24.0,100.0,0.2,150.0,1.0,0.0,0.0,,,50.3
158,166,168,175,182,185,190,195,203,212,214,219,229,237,243,253,260,266,274,275,80,Improving visible‐light‐driven photocatalytic NO oxidation over BiOBr nanoplates through tunable oxygen vacancies,2018,BOB‐2C	,0,1,0,0,0,0.0,1,0,0,1,0,12.68,2.5,,0.0011,24.0,160.0,0.2,150.0,0.0,0.0,1.0,,,32.1
159,167,169,176,183,186,191,196,204,213,215,220,230,238,244,254,261,267,275,276,80,Improving visible‐light‐driven photocatalytic NO oxidation over BiOBr nanoplates through tunable oxygen vacancies,2018,BOB‐3C	,0,1,0,0,0,0.0,1,0,0,1,0,15.34,2.45,,1.5e-05,24.0,160.0,0.2,150.0,0.0,0.0,1.0,,,38.7
160,168,170,177,184,187,193,198,206,215,217,222,232,240,246,256,263,269,277,278,81,Surface Boronizing Can Weaken the Excitonic Effects of BiOBr Nanosheets for Efficient O2 Activation and Selective NO Oxidation under Visible Light Irradiation,2022,B-BiOBr-0.5,0,1,0,0,0,0.5,0,0,0,1,0,7.08,2.77,,,18.0,160.0,0.15,300.0,0.0,0.0,1.0,1.0,30.0,23.0
161,169,171,178,185,188,194,199,207,216,218,223,234,242,248,258,265,272,280,281,82,Bi Cocatalyst/Bi2MoO6 Microspheres Nanohybrid with SPR-Promoted Visible-Light Photocatalysis,2016,Bi2MoO6,0,0,1,0,0,0.0,0,0,0,1,0,23.0,,,0.17,20.0,160.0,0.2,150.0,1.0,0.0,0.0,2.4,50.0,18.4
162,170,172,179,186,189,195,200,208,217,219,224,235,243,249,259,266,273,281,282,82,Bi Cocatalyst/Bi2MoO6 Microspheres Nanohybrid with SPR-Promoted Visible-Light Photocatalysis,2016,Bi?Mo-10,0,0,1,0,0,1.0,0,0,0,1,0,52.0,,,0.3,20.0,160.0,0.2,150.0,1.0,0.0,0.0,2.4,50.0,32.3
163,171,173,180,187,190,198,203,211,220,222,227,238,246,252,262,270,277,285,286,83,2D/3D g-C3N4/BiOI heterostructure catalyst for efficient and robust photocatalytic NO removal,2023, BiOI,0,1,0,0,0,0.0,1,0,0,1,0,16.0,2.83,11.98,0.15,24.0,160.0,0.2,30.0,0.0,1.0,0.0,2.0,70.0,14.85
164,172,174,181,188,191,199,204,212,221,223,228,239,247,253,263,271,278,286,287,83,2D/3D g-C3N4/BiOI heterostructure catalyst for efficient and robust photocatalytic NO removal,2023,g-C3N4/BiOI,0,1,0,0,0,0.0,1,0,0,1,0,7.0,2.78,13.3,0.05,24.0,160.0,0.2,30.0,0.0,1.0,0.0,2.0,70.0,40.38
165,173,175,182,189,192,200,205,213,224,226,231,242,250,256,266,275,282,291,292,85,Synergistic integration of metallic Bi and defects on BiOI: Enhanced photocatalytic NO removal and conversion pathway,2019,Bi/BiOI-2,0,1,0,0,0,2.0,0,1,0,1,0,5.0,,,0.043,24.0,160.0,0.1,150.0,1.0,0.0,0.0,2.4,,40.8
166,174,176,183,190,193,201,206,214,225,227,232,243,251,257,267,276,283,292,293,85,Synergistic integration of metallic Bi and defects on BiOI: Enhanced photocatalytic NO removal and conversion pathway,2019,Bi/BiOI-3,0,1,0,0,0,3.0,0,1,0,1,0,4.1,,,0.017,24.0,160.0,0.1,150.0,1.0,0.0,0.0,2.4,,32.3
167,175,177,184,191,194,202,207,215,226,228,233,244,252,258,268,277,284,293,294,85,Synergistic integration of metallic Bi and defects on BiOI: Enhanced photocatalytic NO removal and conversion pathway,2019,Bi/BiOI-5,0,1,0,0,0,5.0,0,1,0,1,0,4.3,,,0.028,24.0,160.0,0.1,150.0,1.0,0.0,0.0,2.4,,25.6
168,176,178,185,192,195,203,208,216,227,229,234,245,253,259,269,278,285,294,295,86,"Enhancing visible-light-induced photocatalytic activity of BiOI microspheres
for NO removal by synchronous coupling with Bi metal and graphene",2019,160BOI,0,1,0,0,0,0.0,0,0,0,1,0,61.17,1.8,,,18.0,160.0,0.1,300.0,0.0,1.0,0.0,4.0,,37.2
169,177,179,186,193,196,204,209,217,228,230,235,246,254,260,270,279,286,295,296,86,"Enhancing visible-light-induced photocatalytic activity of BiOI microspheres
for NO removal by synchronous coupling with Bi metal and graphene",2019,160BOI/GR,0,1,0,0,0,0.0,0,1,0,1,0,75.09,1.8,,,18.0,160.0,0.1,300.0,0.0,1.0,0.0,4.0,,41.8
170,178,180,187,194,200,208,214,222,233,235,241,252,260,266,278,287,294,303,304,88,"Synthesis, modification and purification of nitric oxide by bismuth iodide photocatalyst",2021,BiOCl,0,1,0,0,0,0.0,0,0,0,1,0,6.9,3.25,,0.03,24.0,180.0,0.3,300.0,0.0,0.0,1.0,0.1,,60.0
171,179,181,188,195,201,209,215,223,234,236,242,253,261,267,279,288,295,304,305,88,"Synthesis, modification and purification of nitric oxide by bismuth iodide photocatalyst",2021,N-BiOCl,0,1,0,0,0,3.0,0,0,0,1,0,11.6,3.1,7.0,0.04,24.0,180.0,0.3,300.0,0.0,0.0,1.0,0.1,,50.0
172,180,182,189,196,202,210,216,224,235,237,243,254,262,268,280,289,297,306,307,89,Unraveling the Mechanisms of Visible Light Photocatalytic NO Purification on Earth-Abundant Insulator-Based Core?Shell Heterojunctions,2018,Sr-B-3,0,1,0,0,0,3.0,0,0,0,1,0,29.0,,,0.132,24.0,180.0,0.2,300.0,0.0,0.0,1.0,2.4,50.0,46.2
173,181,183,190,197,203,211,217,225,236,238,244,255,263,269,281,290,298,307,308,89,Unraveling the Mechanisms of Visible Light Photocatalytic NO Purification on Earth-Abundant Insulator-Based Core?Shell Heterojunctions,2018,Sr-B-4,0,1,0,0,0,4.0,0,0,0,1,0,26.0,,,0.135,24.0,180.0,0.2,300.0,0.0,0.0,1.0,2.4,50.0,48.3
174,182,184,191,198,204,212,218,226,237,239,245,256,264,270,282,291,299,308,309,89,Unraveling the Mechanisms of Visible Light Photocatalytic NO Purification on Earth-Abundant Insulator-Based Core?Shell Heterojunctions,2018,Sr-B-5,0,1,0,0,0,5.0,0,0,0,1,0,37.0,,,0.177,24.0,180.0,0.2,300.0,0.0,0.0,1.0,2.4,50.0,35.8
175,183,185,192,199,205,214,220,228,239,241,247,258,266,272,284,293,302,311,312,90,Heterostructured BiOI@La(OH)3 nanorods with enhanced visible light photocatalytic NO removal,2017,Bi/La‐100%,0,1,0,0,0,10.0,0,0,0,1,0,64.8,,,0.43,8.0,180.0,0.1,150.0,1.0,0.0,0.0,2.4,,35.9
176,184,186,193,200,206,215,221,229,240,242,248,259,267,273,285,294,303,312,313,90,Heterostructured BiOI@La(OH)3 nanorods with enhanced visible light photocatalytic NO removal,2017,Bi/La‐150%,0,1,0,0,0,15.0,0,0,0,1,0,74.9,,,0.44,8.0,180.0,0.1,150.0,1.0,0.0,0.0,2.4,,50.5
177,185,187,194,201,207,216,222,230,241,243,249,260,268,274,286,295,304,313,314,90,Heterostructured BiOI@La(OH)3 nanorods with enhanced visible light photocatalytic NO removal,2017,Bi/La‐200%,0,1,0,0,0,20.0,0,0,0,1,0,75.2,,,0.44,8.0,180.0,0.1,150.0,1.0,0.0,0.0,2.4,,48.6
178,186,188,195,202,208,217,223,231,242,244,250,261,269,275,287,296,305,314,315,91,Uniform Zn2+-Doped BiOI Microspheres Assembled by Ultrathin Nanosheets with Tunable Oxygen Vacancies for Super-Stable Removal of NO,2019,2%Zn-BiOI,0,1,0,0,0,2.0,0,0,0,1,0,,,,,12.0,160.0,0.15,300.0,0.0,0.0,1.0,,,48.16
179,187,189,196,203,209,218,224,232,243,245,251,262,270,276,288,297,306,315,316,91,Uniform Zn2+-Doped BiOI Microspheres Assembled by Ultrathin Nanosheets with Tunable Oxygen Vacancies for Super-Stable Removal of NO,2019,3%Zn-BiOI,0,1,0,0,0,3.0,0,0,0,1,0,76.134,,,,12.0,160.0,0.15,300.0,0.0,0.0,1.0,,,53.6
180,188,190,197,204,210,219,225,233,244,246,252,263,271,277,289,298,307,316,317,91,Uniform Zn2+-Doped BiOI Microspheres Assembled by Ultrathin Nanosheets with Tunable Oxygen Vacancies for Super-Stable Removal of NO,2019,4%Zn-BiOI,0,1,0,0,0,4.0,0,0,0,1,0,,,,,12.0,160.0,0.15,300.0,0.0,0.0,1.0,,,49.38
181,189,191,198,205,211,220,226,234,245,247,253,264,272,278,290,299,308,317,318,91,Uniform Zn2+-Doped BiOI Microspheres Assembled by Ultrathin Nanosheets with Tunable Oxygen Vacancies for Super-Stable Removal of NO,2019,5%Zn-BiOI,0,1,0,0,0,5.0,0,0,0,1,0,,,,,12.0,160.0,0.15,300.0,0.0,0.0,1.0,,,47.77
182,190,192,199,206,212,221,227,235,246,248,255,266,274,280,292,301,310,319,320,93,Promotion mechanism of –OH group intercalation for NOx purification on BiOI photocatalyst,2021,BOI(0:100),0,1,0,0,0,0.0,0,0,0,1,0,25.5,1.84,15.3,,,,0.1,150.0,1.0,0.0,0.0,,,24.3
183,191,193,200,208,214,223,229,237,248,250,257,268,276,282,294,303,312,321,322,93,Promotion mechanism of –OH group intercalation for NOx purification on BiOI photocatalyst,2021,BOI(100:0),0,1,0,0,0,0.0,0,0,0,1,0,29.6,1.88,15.2,,,,0.1,150.0,1.0,0.0,0.0,,,31.2
184,192,194,201,209,215,224,230,238,249,251,258,269,278,284,296,305,314,323,324,94,Controlling interfacial contact and exposed facets for enhancing photocatalysis via 2D–2D heterostructures,2015,BiOIO3/BiOI(6:1),0,1,0,0,0,0.0,0,1,0,1,0,11.3,3.1,,,6.0,150.0,0.1,150.0,1.0,0.0,0.0,3.3,50.0,23.4
185,193,195,202,210,216,225,231,239,250,252,259,270,279,285,297,306,315,324,325,94,Controlling interfacial contact and exposed facets for enhancing photocatalysis via 2D–2D heterostructures,2015,BiOIO3/BiOI (3:1),0,1,0,0,0,0.0,0,1,0,1,0,11.8,3.12,,,6.0,150.0,0.1,150.0,1.0,0.0,0.0,3.3,50.0,41.3
186,194,196,203,211,217,226,232,240,251,253,260,271,280,286,298,307,316,325,326,94,Controlling interfacial contact and exposed facets for enhancing photocatalysis via 2D–2D heterostructures,2015,BiOIO3/BiOI (1:1),0,1,0,0,0,0.0,0,1,0,1,0,11.4,3.09,,,6.0,150.0,0.1,150.0,1.0,0.0,0.0,3.3,50.0,35.6
187,195,197,204,212,218,227,233,241,252,254,261,272,281,287,299,308,317,326,327,95,Interfacial activation of reactants and intermediates on CaSO4 insulatorbased heterostructure for efficient photocatalytic NO removal,2020,CB2,0,1,0,0,0,0.0,1,0,0,1,0,16.0,2.83,11.98,0.15,24.0,160.0,0.2,30.0,0.0,1.0,0.0,2.0,70.0,21.8
188,196,198,205,213,219,228,234,242,253,255,262,273,282,288,300,309,318,327,328,95,Interfacial activation of reactants and intermediates on CaSO4 insulatorbased heterostructure for efficient photocatalytic NO removal,2020,CB3,0,1,0,0,0,0.0,1,0,0,1,0,7.0,2.78,13.3,0.05,24.0,160.0,0.2,30.0,0.0,1.0,0.0,2.0,70.0,29.4
190,198,200,207,215,221,230,236,244,255,257,264,275,284,291,303,312,321,330,331,96,"Synergetic Effects of Pd0 Metal Nanoparticles and Pd2+ Ions on
Enhanced Photocatalytic Activity of ZnWO4 Nanorods for Nitric Oxide Removal",2019,0.5% Pd2+/ZnWO4 ,0,1,0,0,0,0.5,0,0,0,1,0,60.0,2.56,,0.12,20.0,160.0,0.2,150.0,1.0,0.0,0.0,2.4,50.0,52.69
191,199,201,208,216,222,231,237,245,256,258,265,276,285,292,304,313,322,331,332,96,"Synergetic Effects of Pd0 Metal Nanoparticles and Pd2+ Ions on
Enhanced Photocatalytic Activity of ZnWO4 Nanorods for Nitric Oxide Removal",2019,1.5% Pd0/ZnWO4,0,1,0,0,0,1.5,0,0,0,1,0,74.9,,,0.44,20.0,180.0,0.2,150.0,1.0,0.0,0.0,2.4,50.0,50.08
192,200,202,209,217,223,232,238,246,257,259,266,277,286,293,305,314,323,332,333,97,A direct Z-scheme Bi2WO6/NH2-UiO-66 nanocomposite as an efficient visible-light-driven photocatalyst for NO removal,2020,Bi2WO6,0,0,1,0,0,0.0,0,1,0,1,0,52.67,2.82,,0.3817,12.0,120.0,0.05,500.0,0.0,0.0,1.0,0.8,,29.0
194,202,204,211,219,225,234,240,248,259,261,268,279,288,295,307,316,325,334,335,97,A direct Z-scheme Bi2WO6/NH2-UiO-66 nanocomposite as an efficient visible-light-driven photocatalyst for NO removal,2020,BWO/0.5NU,0,0,1,0,0,0.5,0,1,0,1,0,313.2,2.86,,0.4024,12.0,120.0,0.05,500.0,0.0,0.0,1.0,0.8,,63.0
195,203,205,212,220,226,235,241,249,260,262,269,280,289,296,308,317,326,335,336,98,Insight into the effect of bromine on facet-dependent surface oxygen vacancies construction and stabilization of Bi2MoO6 for efficient photocatalytic NO removal,2020,BMO-001,0,0,1,0,0,0.0,0,1,0,1,0,4.7,2.45,,,72.0,140.0,0.1,30.0,0.0,1.0,0.0,1.0,,17.9
196,204,206,213,221,227,236,242,250,261,263,270,282,291,298,310,319,328,337,338,98,Insight into the effect of bromine on facet-dependent surface oxygen vacancies construction and stabilization of Bi2MoO6 for efficient photocatalytic NO removal,2020,BMO-010,0,0,1,0,0,0.0,0,1,0,1,0,5.5,2.65,,,72.0,140.0,0.1,30.0,0.0,1.0,0.0,1.0,,7.6
197,205,207,214,222,228,237,243,251,262,264,271,283,292,299,311,320,329,338,339,98,Insight into the effect of bromine on facet-dependent surface oxygen vacancies construction and stabilization of Bi2MoO6 for efficient photocatalytic NO removal,2020,BMO-010-Br,0,0,1,0,0,0.0,0,1,0,1,0,5.7,2.65,,,72.0,140.0,0.1,30.0,0.0,1.0,0.0,1.0,,8.3
198,206,208,215,223,229,238,244,252,263,265,272,284,294,302,314,324,333,342,343,101,Carbonate doped Bi2MoO6 hierarchical nanostructure with enhanced transformation of active radicals for efficient photocatalytic removal of NO,2019,10%-CO3-BMO,0,0,1,0,0,0.0,0,0,0,1,0,,2.67,,,18.0,160.0,0.2,150.0,1.0,0.0,0.0,,,18.0
199,207,209,217,225,231,240,246,254,265,267,274,286,296,304,316,326,335,344,345,101,Carbonate doped Bi2MoO6 hierarchical nanostructure with enhanced transformation of active radicals for efficient photocatalytic removal of NO,2019,30%-CO3-BMO,0,0,1,0,0,0.0,0,0,0,1,0,,2.59,,,18.0,160.0,0.2,150.0,1.0,0.0,0.0,,,26.0
200,208,210,218,226,232,241,247,255,266,268,275,287,297,306,318,328,337,346,347,102,Self doping promoted photocatalytic removal of no under visible light with bi2moo6: Indispensable role of superoxide ions,2016,BM-0.05,0,0,1,0,0,0.05,0,0,0,1,0,17.9,,5.0,,12.0,160.0,0.15,30.0,0.0,1.0,0.0,1.0,,41.4
201,209,211,219,227,233,242,248,256,267,269,276,288,298,307,319,329,338,347,348,102,Self doping promoted photocatalytic removal of no under visible light with bi2moo6: Indispensable role of superoxide ions,2016,BM-0.1,0,0,1,0,0,0.1,0,0,0,1,0,17.9,2.34,6.67,,12.0,160.0,0.15,30.0,0.0,1.0,0.0,1.0,,39.0
202,210,212,220,228,235,244,250,258,269,271,278,290,300,309,321,331,340,349,350,102,Self doping promoted photocatalytic removal of no under visible light with bi2moo6: Indispensable role of superoxide ions,2016,BM-0.2,0,0,1,0,0,0.2,0,0,0,1,0,15.1,,18.33,,12.0,160.0,0.15,30.0,0.0,1.0,0.0,1.0,,25.6
203,211,213,221,229,236,245,251,259,270,272,279,291,301,310,322,332,341,350,351,103,In situ loading of MoO3 clusters on ultrathin Bi2MoO6 nanosheets for synergistically enhanced photocatalytic NO abatement,2021, M–BMO–5 %,0,0,1,0,0,5.0,0,0,0,1,0,,,,,16.0,180.0,0.2,150.0,1.0,0.0,0.0,2.4,20.0,32.1
204,212,214,222,230,237,246,252,260,271,273,280,292,302,311,323,333,342,351,352,103,In situ loading of MoO3 clusters on ultrathin Bi2MoO6 nanosheets for synergistically enhanced photocatalytic NO abatement,2021, M–BMO–10 %,0,0,1,0,0,10.0,0,0,0,1,0,,,,,16.0,180.0,0.2,150.0,1.0,0.0,0.0,2.4,20.0,39.6
205,213,215,223,231,238,247,253,261,272,274,281,293,303,312,324,334,343,352,353,103,In situ loading of MoO3 clusters on ultrathin Bi2MoO6 nanosheets for synergistically enhanced photocatalytic NO abatement,2021, M–BMO–20 %,0,0,1,0,0,20.0,0,0,0,1,0,,,,,16.0,180.0,0.2,150.0,1.0,0.0,0.0,2.4,20.0,30.2
206,214,216,224,232,239,248,255,263,274,276,283,295,305,314,326,336,345,354,355,104,Superoxide anion and singlet oxygen dominated faster photocatalytic elimination of nitric oxide over defective bismuth molybdates heterojunctions,2022,BMO-12,0,0,1,0,0,0.0,0,1,0,1,0,29.95,2.62,,,12.0,140.0,0.1,30.0,0.0,1.0,0.0,,,45.0
207,215,217,225,233,240,249,256,264,275,277,284,296,306,315,327,337,346,355,356,104,Superoxide anion and singlet oxygen dominated faster photocatalytic elimination of nitric oxide over defective bismuth molybdates heterojunctions,2022,BMO-24,0,0,1,0,0,0.0,0,1,0,1,0,21.34,2.48,,,12.0,140.0,0.1,30.0,0.0,1.0,0.0,,,39.0
208,216,218,226,234,241,250,258,267,278,280,288,300,310,319,331,342,351,360,361,106,Constructing Oxygen Vacancies on Bi2MoO6 Nanosheets by Aqueous Ammonia Etching with Enhanced Photocatalytic NO Oxidation Performance,2022,BMO-OH(10%),0,0,1,0,0,0.0,1,0,0,1,0,,2.44,13.33,,24.0,160.0,,30.0,0.0,1.0,0.0,1.0,,34.8
209,217,219,227,235,243,252,260,269,281,284,292,304,314,323,335,346,356,366,367,107,Insight into the mechanism of deep NO photo-oxidation by bismuth tantalate with oxygen vacancies,2022,BTO-9,0,0,1,0,0,9.0,1,0,0,1,0,,,1.92,,24.0,200.0,0.2,150.0,1.0,0.0,0.0,2.4,,33.4
210,218,220,228,236,244,253,261,270,282,285,293,305,315,324,336,347,357,367,368,107,Insight into the mechanism of deep NO photo-oxidation by bismuth tantalate with oxygen vacancies,2022,BTO-11,0,0,1,0,0,11.0,1,0,0,1,0,,,3.84,,24.0,200.0,0.2,150.0,1.0,0.0,0.0,2.4,,32.6
213,221,223,231,239,247,256,264,273,285,288,296,308,318,327,340,352,362,372,373,109,Insight on photocatalytic oxidation of high concentration NO over BiOCl/ Bi2WO6 under visible light,2021,BiOI/BWO,0,1,1,0,0,0.5,0,1,0,1,0,313.2,2.86,,0.4024,12.0,120.0,0.05,500.0,0.0,0.0,1.0,0.8,,63.0
214,222,224,232,240,248,258,266,275,287,290,298,310,320,329,342,354,364,374,375,110,Modification of Bi2WO6 composites with rGO for enhanced visible light driven NO removal,2016,BG2,0,0,1,0,0,2.0,0,0,0,1,0,30.8,2.6,,,12.0,120.0,0.2,50.0,0.0,0.0,1.0,,,36.7
215,223,225,233,241,249,259,267,276,288,291,299,311,321,330,343,355,365,375,376,110,Modification of Bi2WO6 composites with rGO for enhanced visible light driven NO removal,2016,BG3,0,0,1,0,0,3.0,0,0,0,1,0,25.5,2.53,,,12.0,120.0,0.2,50.0,0.0,0.0,1.0,,,42.7
216,224,226,234,242,250,260,268,277,289,292,300,312,322,331,344,356,366,376,377,110,Modification of Bi2WO6 composites with rGO for enhanced visible light driven NO removal,2016,Bi2WO6,0,0,1,0,0,0.0,0,0,0,1,0,5.2,2.62,,,12.0,120.0,0.2,50.0,0.0,0.0,1.0,,,31.2
217,225,227,235,243,251,261,269,278,290,293,302,315,325,334,347,359,369,379,380,111,Efficient photothermal-assisted photocatalytic NO removal on molecular cobalt phthalocyanine/Bi2WO6 Z-scheme heterojunctions by promoting charge transfer and oxygen activation,2022,BW-CoPc 2%,0,0,1,0,0,2.0,0,1,0,1,0,21.8,,3.6,0.0913,24.0,160.0,0.3,150.0,1.0,0.0,0.0,1.2,70.0,50.0
218,226,228,236,244,252,262,270,279,291,294,303,316,326,335,348,360,370,380,381,111,Efficient photothermal-assisted photocatalytic NO removal on molecular cobalt phthalocyanine/Bi2WO6 Z-scheme heterojunctions by promoting charge transfer and oxygen activation,2022,BW-CoPc 3%,0,0,1,0,0,3.0,0,1,0,1,0,,,4.8,,24.0,160.0,0.3,150.0,1.0,0.0,0.0,1.2,70.0,52.0
219,227,229,237,245,253,263,271,280,292,295,304,317,327,336,349,361,371,381,382,112,"Palladium Nanoparticles Embedded Nutshell-like Bi2WO6 as an
Efficient and Stable Visible-Light-Responsive Photocatalysts for NO Removal",2022,Bi2WO6,0,0,1,0,0,0.0,0,0,0,1,0,30.932,2.75,11.25,0.124,18.0,160.0,0.05,300.0,1.0,0.0,0.0,0.129,,43.0
220,228,230,238,246,254,264,272,281,293,297,306,319,329,338,351,363,373,383,384,112,"Palladium Nanoparticles Embedded Nutshell-like Bi2WO6 as an
Efficient and Stable Visible-Light-Responsive Photocatalysts for NO Removal",2022, Pd (0.5%)-Bi2WO6,0,0,1,0,0,0.5,0,0,0,1,0,,,12.075,,18.0,160.0,0.05,300.0,1.0,0.0,0.0,0.129,,50.0
221,229,231,239,247,255,265,273,282,294,298,307,320,330,339,352,364,374,384,385,112,"Palladium Nanoparticles Embedded Nutshell-like Bi2WO6 as an
Efficient and Stable Visible-Light-Responsive Photocatalysts for NO Removal",2022,Pd (2%)-Bi2WO6 ,0,0,1,0,0,2.0,0,0,0,1,0,,,5.55,,18.0,160.0,0.05,300.0,1.0,0.0,0.0,0.129,,46.0
222,230,232,240,248,256,266,274,283,295,299,308,321,331,340,353,365,375,385,386,112,"Palladium Nanoparticles Embedded Nutshell-like Bi2WO6 as an
Efficient and Stable Visible-Light-Responsive Photocatalysts for NO Removal",2022,Pd (1.5%)-Bi2WO6,0,0,1,0,0,1.5,0,0,0,1,0,,,5.125,,18.0,160.0,0.05,300.0,1.0,0.0,0.0,0.129,,43.0
223,231,234,243,251,259,269,277,286,298,303,312,325,335,344,357,369,380,390,391,114,Activation of amorphous Bi2WO6 with synchronous Bi metal and Bi2O3 coupling: Photocatalysis mechanism and reaction pathway,2018,BWO-0.5,0,0,1,0,0,0.5,0,0,0,1,0,,2.8,,,20.0,100.0,0.2,150.0,1.0,0.0,0.0,2.4,50.0,40.9
224,232,236,245,253,262,272,281,290,302,308,318,331,341,351,364,376,388,400,401,117,Ultrasonic Spray Pyrolysis Synthesis of Porous Bi2WO6 Microspheres and Their Visible-Light-Induced Photocatalytic Removal of NO,2020,Bi2WO6,0,0,1,0,0,0.0,0,0,1,0,0,,2.6,,,5.0,450.0,0.3,300.0,1.0,0.0,0.0,3.0,70.0,25.6
225,233,237,246,254,263,273,282,291,303,309,319,332,342,352,365,377,389,401,402,117,Ultrasonic Spray Pyrolysis Synthesis of Porous Bi2WO6 Microspheres and Their Visible-Light-Induced Photocatalytic Removal of NO,2020,BWO-400,0,0,1,0,0,0.0,0,0,1,0,0,,2.81,,,5.0,400.0,0.3,300.0,1.0,0.0,0.0,3.0,70.0,32.1
226,234,238,247,255,264,274,283,292,304,310,320,333,343,353,366,378,390,402,403,117,Ultrasonic Spray Pyrolysis Synthesis of Porous Bi2WO6 Microspheres and Their Visible-Light-Induced Photocatalytic Removal of NO,2020,BWO-500,0,0,1,0,0,0.0,0,0,1,0,0,,2.85,,,5.0,500.0,0.3,300.0,1.0,0.0,0.0,3.0,70.0,39.6
227,235,239,248,256,265,275,284,293,305,311,321,334,344,354,367,379,391,403,404,117,Ultrasonic Spray Pyrolysis Synthesis of Porous Bi2WO6 Microspheres and Their Visible-Light-Induced Photocatalytic Removal of NO,2020,BWO-600,0,0,1,0,0,0.0,0,0,1,0,0,10.0,2.92,,,5.0,600.0,0.3,300.0,1.0,0.0,0.0,3.0,70.0,30.2
228,236,241,250,258,268,278,287,296,308,314,324,337,347,357,370,382,394,406,407,119,I?doped Bi2WO6 microflowers enhanced visible light photocatalytic activity for organic pollution degradation and NO removal,2019,Bi/I-S1,0,0,1,0,0,1.0,0,0,0,1,0,27.016,2.4,5.12,0.1407,12.0,180.0,0.108,300.0,0.0,0.0,1.0,,,40.0
230,238,243,252,260,270,280,289,298,310,316,326,339,349,359,372,384,396,408,409,120,SPR effect of bismuth enhanced visible photoreactivity of Bi2WO6 for NO abatement,2019,BWO,0,0,1,0,0,0.0,0,0,0,1,0,45.1,2.84,,0.09,10.0,180.0,0.3,150.0,0.0,1.0,0.0,1.0,,12.3
231,239,244,253,261,271,281,290,299,311,317,327,340,350,360,373,385,397,409,410,120,SPR effect of bismuth enhanced visible photoreactivity of Bi2WO6 for NO abatement,2019,S0,0,0,1,0,0,0.0,0,0,0,1,0,43.0,,,0.12,10.0,180.0,0.3,150.0,0.0,1.0,0.0,1.0,,7.7
232,241,246,255,263,273,283,292,302,314,320,331,344,354,364,377,389,401,413,414,120,SPR effect of bismuth enhanced visible photoreactivity of Bi2WO6 for NO abatement,2019,S10,0,0,1,0,0,10.0,0,1,0,1,0,40.9,,,0.1,10.0,180.0,0.3,150.0,0.0,1.0,0.0,1.0,,51.3
233,242,247,256,264,274,284,293,303,315,321,332,345,355,365,378,390,402,414,415,120,SPR effect of bismuth enhanced visible photoreactivity of Bi2WO6 for NO abatement,2019,S20,0,0,1,0,0,20.0,0,1,0,1,0,42.2,,,0.09,10.0,180.0,0.3,150.0,0.0,1.0,0.0,1.0,,44.5
234,243,248,257,265,275,285,294,304,316,322,333,346,356,366,379,391,403,415,416,121,Enhanced solar photocatalytic degradation of nitric oxide using graphene quantum dots/bismuth tungstate composite catalysts,2021,BWO,0,0,1,0,0,0.0,0,1,0,1,0,19.55,2.8,,,24.0,180.0,0.08,150.0,0.0,0.0,1.0,0.2,70.0,36.0
235,244,249,258,266,276,286,295,305,317,323,334,347,357,367,380,392,404,417,418,122,Carbonate-intercalated defective bismuth tungstate for efficiently photocatalytic NO removal and promotion mechanism study,2019,BWO,0,0,1,0,0,0.0,0,0,0,1,0,,2.75,,,18.0,160.0,0.2,150.0,1.0,0.0,0.0,2.4,,26.5
236,245,250,259,267,277,288,297,307,319,325,336,349,359,369,382,394,407,420,421,122,Carbonate-intercalated defective bismuth tungstate for efficiently photocatalytic NO removal and promotion mechanism study,2019,5%?CO3-BWO-VO,0,0,1,0,0,5.0,1,0,0,1,0,,2.7,,,18.0,160.0,0.2,150.0,1.0,0.0,0.0,2.4,,52.4
237,246,251,261,269,279,290,300,310,322,328,339,352,362,372,385,398,411,424,425,125,Salt‐assisted Synthesis of Hollow Bi2WO6 Microspheres with Superior Photocatalytic Activity for NO Removal,2017,BWO,0,0,1,0,0,0.0,0,0,0,1,0,9.7,,,,18.0,160.0,0.3,300.0,1.0,0.0,0.0,3.0,70.0,25.7
238,247,252,262,270,280,291,301,311,323,329,340,353,363,373,386,399,412,425,426,125,Salt‐assisted Synthesis of Hollow Bi2WO6 Microspheres with Superior Photocatalytic Activity for NO Removal,2017,BWO‐KCl,0,0,1,0,0,0.0,0,0,0,1,0,11.2,,,,18.0,160.0,0.3,300.0,1.0,0.0,0.0,3.0,70.0,30.0
239,248,253,263,271,281,292,302,312,324,330,341,354,364,374,387,400,413,426,427,125,Salt‐assisted Synthesis of Hollow Bi2WO6 Microspheres with Superior Photocatalytic Activity for NO Removal,2017,BWO‐Na2SO4	,0,0,1,0,0,0.0,0,0,0,1,0,,,,,18.0,160.0,0.3,300.0,1.0,0.0,0.0,3.0,70.0,36.9
240,249,254,264,272,282,293,303,313,325,331,342,355,365,375,388,401,414,427,428,126,"Preparation, characterization, and mechanistic analysis of BiVO4/CaIn2S4 hybrids that photocatalyze NO removal under visible light",2016,BVO,0,0,0,1,0,0.0,0,0,0,1,0,2.74,2.48,,,12.0,160.0,0.1,300.0,0.0,0.0,1.0,0.1,,40.2
241,250,255,265,273,283,294,304,314,326,332,343,356,366,377,390,403,417,430,431,127,Multifunctional Mulberry-like BiVO4 Bi2O3 p-n Heterostructures with Enhanced both Photocatalytic Reduction and Oxidation Activities,2021,BVO,0,0,0,1,0,0.0,0,0,0,1,0,6.9,2.23,,,24.0,160.0,0.2,150.0,1.0,0.0,0.0,2.4,50.0,25.6
242,251,256,266,274,284,295,305,315,327,333,344,357,367,378,391,404,418,431,432,128,Morphology-dependent photocatalytic removal of NO by hierarchical BiVO4 microboats and microspheres under visible light,2013, BiVO4 microspheres,0,0,0,1,0,0.0,0,0,0,1,0,,2.34,,,24.0,180.0,0.1,300.0,1.0,0.0,0.0,4.0,70.0,35.4
243,252,257,267,275,285,296,306,316,328,334,345,358,368,379,392,405,419,432,433,129,Controllable synthesis of 3D BiVO4 superstructures with visible-light-induced photocatalytic oxidation of NO in the gas phase and mechanistic analysis,2015, ms-BiVO4 (pH 8),0,0,0,1,0,0.0,0,0,0,1,0,0.78,2.48,,,15.0,100.0,0.2,350.0,0.0,0.0,1.0,0.1,,48.0
244,253,258,268,276,286,297,307,317,329,335,346,359,369,380,393,406,420,433,434,129,Controllable synthesis of 3D BiVO4 superstructures with visible-light-induced photocatalytic oxidation of NO in the gas phase and mechanistic analysis,2015,ms-BiVO4 (pH 9) ,0,0,0,1,0,0.0,0,0,0,1,0,3.32,2.45,,,15.0,100.0,0.2,350.0,0.0,0.0,1.0,0.1,,42.0
245,254,259,269,277,287,298,308,318,330,336,347,360,370,381,394,407,421,434,435,129,Controllable synthesis of 3D BiVO4 superstructures with visible-light-induced photocatalytic oxidation of NO in the gas phase and mechanistic analysis,2015,ms-BiVO4 (pH 10),0,0,0,1,0,0.0,0,0,0,1,0,0.58,2.44,,,15.0,100.0,0.2,350.0,0.0,0.0,1.0,0.1,,34.0
246,255,260,270,278,288,299,309,319,331,337,348,361,371,382,395,408,422,435,436,130,Visible Light Driven photocatalyst BiVO4 for photocatalytic removal of NO,2017,T140,0,0,0,1,0,0.0,0,0,0,1,0,43.0,2.25,,0.12,16.0,140.0,0.2,150.0,1.0,0.0,0.0,2.4,50.0,12.3
247,256,261,271,279,289,300,310,320,332,338,349,362,372,383,396,409,423,436,437,130,Visible Light Driven photocatalyst BiVO4 for photocatalytic removal of NO,2017,T160,0,0,0,1,0,0.0,0,0,0,1,0,47.3,2.45,,0.12,16.0,160.0,0.2,150.0,1.0,0.0,0.0,2.4,50.0,7.7
248,257,262,272,280,290,301,311,321,333,339,350,363,373,384,397,410,424,437,438,130,Visible Light Driven photocatalyst BiVO4 for photocatalytic removal of NO,2017,T180,0,0,0,1,0,0.0,0,0,0,1,0,48.9,2.44,,0.11,16.0,180.0,0.2,150.0,1.0,0.0,0.0,2.4,50.0,10.5
249,258,263,273,281,291,302,312,322,334,340,351,364,374,385,398,411,425,438,439,130,Visible Light Driven photocatalyst BiVO4 for photocatalytic removal of NO,2017,T200,0,0,0,1,0,0.0,0,0,0,1,0,44.1,2.34,,0.11,16.0,200.0,0.2,150.0,1.0,0.0,0.0,2.4,50.0,13.2
250,259,265,275,283,293,304,314,324,336,343,354,367,377,389,402,416,430,443,444,133,Ultrasound assisted synthesis of heterogeneous g-C3N4/BiVO4 composites and their visible-light-induced photocatalytic oxidation of NO in gas phase,2015,BVO,0,0,0,1,0,0.0,0,0,0,1,0,6.9,2.23,,,24.0,160.0,0.2,150.0,1.0,0.0,0.0,2.4,50.0,25.6
251,260,266,276,284,294,305,315,325,337,344,355,368,378,390,403,417,431,444,445,134,Graphene-decorated 3D BiVO4 photocatalysts with controlled size and shape for efficient visible-light-induced photocatalytic performance,2016,BVO,0,0,0,1,0,0.0,0,0,0,1,0,30.932,2.75,11.25,0.124,18.0,160.0,0.2,350.0,0.0,0.0,1.0,0.1,,41.6
252,261,267,277,285,295,306,316,326,338,345,357,370,380,392,405,419,433,446,447,135,Synergistic integration of Bi metal and phosphate defects on hexagonal and monoclinic BiPO4: Enhanced photocatalysis and reaction mechanism,2019,BiPO4 ,0,0,0,1,0,0.0,0,0,0,1,0,4.6,4.1,,,24.0,180.0,0.2,150.0,1.0,0.0,0.0,,,2.0
253,262,268,278,287,297,308,318,329,341,348,360,373,383,395,408,422,436,450,451,136,In situ construction of biocompatible Z-scheme α-Bi2O3/CuBi2O4 heterojunction for NO removal under visible light,2020,BO-400,0,0,0,0,1,0.0,0,0,0,1,0,2.23,2.65,6.69,,12.0,400.0,0.1,300.0,0.0,0.0,1.0,3.0,,30.0
254,263,269,279,288,298,309,319,330,342,350,362,375,385,397,410,424,438,452,453,137,Controllable Synthesis of Core?Shell Bi@Amorphous Bi2O3Nanospheres with Tunable Optical and Photocatalytic Activity for NO Removal,2017,Bi@Bi2O3-18 ,0,0,0,0,1,0.0,0,1,0,1,0,14.6,,,,18.0,160.0,0.1,300.0,0.0,0.0,1.0,3.0,,26.4
255,264,270,280,289,299,310,320,331,343,351,363,376,386,398,411,425,439,453,454,137,Controllable Synthesis of Core?Shell Bi@Amorphous Bi2O3Nanospheres with Tunable Optical and Photocatalytic Activity for NO Removal,2017,Bi@Bi2O3-12,0,0,0,0,1,0.0,0,1,0,1,0,13.5,,,,12.0,160.0,0.1,300.0,0.0,0.0,1.0,3.0,,20.9
256,265,272,282,291,301,312,322,333,345,353,365,378,388,400,413,427,441,455,456,137,Controllable Synthesis of Core?Shell Bi@Amorphous Bi2O3Nanospheres with Tunable Optical and Photocatalytic Activity for NO Removal,2017,Bi@Bi2O3-48,0,0,0,0,1,0.0,0,1,0,1,0,13.2,,,,48.0,160.0,0.1,300.0,0.0,0.0,1.0,3.0,,1.2
257,266,273,283,292,302,313,323,334,346,354,366,379,389,401,414,428,442,456,457,138,Facile synthesis of Bi2O3 nanocrystals for photocatalytic NO oxidation and its conversion pathway via in situ DRIFTS,2020,β-Bi2O3 ,0,0,0,0,1,0.0,0,0,0,1,0,10.64,2.5,,,18.0,160.0,0.2,150.0,1.0,0.0,0.0,,,32.0
258,267,274,284,293,303,314,325,336,348,356,368,381,391,403,416,431,445,459,460,139,"Oxygen vacancy engineering of Bi2O3/Bi2O2CO3 heterojunctions: Implications of the interfacial charge transfer, NO adsorption and removal",2018,BO/BOC,0,0,0,0,1,0.0,0,1,0,1,0,4.1,,,,24.0,180.0,0.2,300.0,0.0,0.0,1.0,3.0,30.0,35.0
259,268,275,285,294,304,315,326,337,349,357,369,382,393,405,418,433,447,461,462,140,Activation of amorphous Bi2WO6 with synchronous Bi metal and Bi2O3 coupling: Photocatalysis mechanism and reaction pathway,2018,BWO,0,0,0,0,1,0.0,0,0,0,1,0,43.0,2.25,,0.12,20.0,100.0,0.2,150.0,1.0,0.0,0.0,2.4,50.0,12.3
260,269,276,286,295,305,316,327,338,350,358,370,383,394,406,419,434,448,462,463,140,Activation of amorphous Bi2WO6 with synchronous Bi metal and Bi2O3 coupling: Photocatalysis mechanism and reaction pathway,2018,BWO1,0,0,0,0,1,0.0,0,0,0,1,0,47.3,2.45,,0.12,20.0,100.0,0.2,150.0,1.0,0.0,0.0,2.4,50.0,7.7
261,270,277,287,296,306,317,328,339,351,359,371,384,395,407,420,435,449,463,464,140,Activation of amorphous Bi2WO6 with synchronous Bi metal and Bi2O3 coupling: Photocatalysis mechanism and reaction pathway,2018,BWO2,0,0,0,0,1,0.0,0,0,0,1,0,48.9,2.44,,0.11,20.0,100.0,0.2,150.0,1.0,0.0,0.0,2.4,50.0,10.5
262,271,278,288,297,307,318,329,340,352,360,372,385,396,408,421,436,450,464,465,140,Activation of amorphous Bi2WO6 with synchronous Bi metal and Bi2O3 coupling: Photocatalysis mechanism and reaction pathway,2018,BWO3,0,0,0,0,1,0.0,0,0,0,1,0,44.1,2.34,,0.11,20.0,100.0,0.2,150.0,1.0,0.0,0.0,2.4,50.0,13.2
263,272,279,289,298,308,319,330,341,353,361,373,386,397,409,422,437,451,465,466,141,In-situ generation of oxygen vacancies and metallic bismuth from (BiO)2CO3 via N2-assisted thermal-treatment for efficient selective photocatalytic NO removal,2021,BOC,0,0,0,0,1,0.0,0,0,0,1,0,44.08,3.12,28.3,,16.0,180.0,0.1,300.0,0.0,0.0,1.0,,30.0,26.0
264,273,280,290,299,309,320,331,342,354,362,374,387,398,410,423,438,452,466,467,141,In-situ generation of oxygen vacancies and metallic bismuth from (BiO)2CO3 via N2-assisted thermal-treatment for efficient selective photocatalytic NO removal,2021,240BOC,0,0,0,0,1,0.0,0,0,0,1,0,38.81,3.12,7.3,,16.0,240.0,0.1,300.0,0.0,0.0,1.0,,30.0,50.0
265,274,281,291,300,310,321,332,343,355,363,375,388,399,411,424,439,453,467,468,141,In-situ generation of oxygen vacancies and metallic bismuth from (BiO)2CO3 via N2-assisted thermal-treatment for efficient selective photocatalytic NO removal,2021,320BOC,0,0,0,0,1,0.0,0,0,0,1,0,32.65,3.1,0.8,,16.0,320.0,0.1,300.0,0.0,0.0,1.0,,30.0,55.6
266,275,282,292,301,311,322,333,344,356,364,376,389,400,412,425,440,454,468,469,141,In-situ generation of oxygen vacancies and metallic bismuth from (BiO)2CO3 via N2-assisted thermal-treatment for efficient selective photocatalytic NO removal,2021,340BOC,0,0,0,0,1,0.0,0,0,0,1,0,33.45,,3.1,,16.0,340.0,0.1,300.0,0.0,0.0,1.0,,30.0,49.0
267,276,283,293,302,312,323,334,345,357,365,377,390,401,413,426,441,455,469,470,142,Monoclinic -Bi2O3 photocatalyst for efficient removal of gaseous NO and HCHO under visible light irradiation,2011,Bi2O3,0,0,0,0,1,0.0,0,0,0,1,0,6.16,2.72,,,12.0,160.0,0.2,300.0,1.0,0.0,0.0,4.0,70.0,24.4
268,277,284,294,303,313,324,335,346,358,366,378,391,402,414,427,442,456,470,471,142,Monoclinic -Bi2O3 photocatalyst for efficient removal of gaseous NO and HCHO under visible light irradiation,2011,α-Bi2O3,0,0,0,0,1,0.0,0,0,0,1,0,6.23,,,,12.0,160.0,0.2,300.0,1.0,0.0,0.0,4.0,70.0,35.2
269,278,285,295,304,314,325,336,347,359,367,379,392,404,416,429,444,458,472,473,143,"Synergistic effects of crystal structure and oxygen vacancy on Bi2O3 polymorphs: intermediates activation, photocatalytic reaction efficiency, and conversion pathway",2020,b-Bi2O3,0,0,0,0,1,0.0,0,1,0,1,0,2.89,2.1,,,2.0,270.0,0.2,150.0,1.0,0.0,0.0,2.4,70.0,25.2
270,279,286,296,305,315,326,337,348,360,368,380,393,405,417,430,445,459,473,474,143,"Synergistic effects of crystal structure and oxygen vacancy on Bi2O3 polymorphs: intermediates activation, photocatalytic reaction efficiency, and conversion pathway",2020,a-Bi2O3-50,0,0,0,0,1,0.0,0,0,0,1,0,0.35,1.9,,,2.0,350.0,0.2,150.0,1.0,0.0,0.0,2.4,70.0,20.0
271,280,287,297,306,316,327,338,349,361,370,382,395,407,419,433,448,462,476,477,144,Enhancing photocatalysis of NO gas degradation over g-C3N4 modified a-Bi2O3 microrods composites under visible light,2020,Bi2O3/g-C3N4,0,0,0,0,1,0.0,0,1,0,1,0,,2.77,6.8,,2.0,550.0,0.2,150.0,1.0,0.0,0.0,2.4,70.0,39.1
272,281,288,298,307,317,328,339,350,362,371,383,396,408,421,435,450,464,478,479,145,Oxygen vacancy defects-boosted deep oxidation of NO by β-Bi2O3/CeO2-δ p-n heterojunction photocatalyst in situ synthesized from Bi/Ce(CO3) (OH) precursor,2021,2% β-Bi2O3/CeO2-δ ,0,0,0,0,1,2.0,0,1,0,1,0,,,1.63,,72.0,180.0,0.2,150.0,1.0,0.0,0.0,2.4,70.0,38.5
273,282,289,299,308,318,329,340,351,363,372,384,397,409,422,436,451,465,479,480,145,Oxygen vacancy defects-boosted deep oxidation of NO by β-Bi2O3/CeO2-δ p-n heterojunction photocatalyst in situ synthesized from Bi/Ce(CO3) (OH) precursor,2021,4% β-Bi2O3/CeO2-δ ,0,0,0,0,1,4.0,0,1,0,1,0,,,1.45,,72.0,180.0,0.2,150.0,1.0,0.0,0.0,2.4,70.0,42.9
274,283,290,300,309,319,330,341,352,364,373,385,398,410,423,437,452,466,480,481,145,Oxygen vacancy defects-boosted deep oxidation of NO by β-Bi2O3/CeO2-δ p-n heterojunction photocatalyst in situ synthesized from Bi/Ce(CO3) (OH) precursor,2021,6% β-Bi2O3/CeO2-δ ,0,0,0,0,1,6.0,0,1,0,1,0,,,4.27,,72.0,180.0,0.2,150.0,1.0,0.0,0.0,2.4,70.0,40.1
275,284,291,301,310,320,331,342,353,365,374,386,399,411,424,438,453,467,481,482,145,Oxygen vacancy defects-boosted deep oxidation of NO by β-Bi2O3/CeO2-δ p-n heterojunction photocatalyst in situ synthesized from Bi/Ce(CO3) (OH) precursor,2021,8% β-Bi2O3/CeO2-δ ,0,0,0,0,1,8.0,0,1,0,1,0,,,5.54,,72.0,180.0,0.2,150.0,1.0,0.0,0.0,2.4,70.0,38.7
276,285,292,302,311,321,332,343,354,366,375,387,400,412,425,439,454,468,482,483,146,MoS2 quantum dots-modified porous β-Bi2O3 microspheres with enhanced visible-light-induced photocatalytic activity for Bisphenol A degradation and NO removal,2019,β-Bi2O3,0,0,0,0,1,0.0,0,0,0,1,0,,2.15,,,18.0,160.0,0.1,300.0,0.0,0.0,1.0,4.0,,31.4
277,286,293,303,312,322,333,344,355,367,376,388,401,413,426,440,455,469,483,484,146,MoS2 quantum dots-modified porous β-Bi2O3 microspheres with enhanced visible-light-induced photocatalytic activity for Bisphenol A degradation and NO removal,2019,1% MoS2/β-Bi2O3,0,0,0,0,1,1.0,0,1,0,1,0,,2.05,,,18.0,160.0,0.1,300.0,0.0,0.0,1.0,4.0,,41.4
278,287,294,304,313,323,334,345,356,368,377,389,402,414,427,441,456,470,484,485,147,Constructing the Pd/PdO/??-Bi2O3 microspheres with enhanced photocatalytic activity for Bisphenol A degradation and NO removal,2019,S0,0,0,0,0,1,0.0,0,0,0,1,0,3.32,2.45,,,15.0,100.0,0.2,350.0,0.0,0.0,1.0,0.1,,42.0
279,288,295,305,314,324,335,346,357,369,378,390,403,415,428,442,457,471,485,486,147,Constructing the Pd/PdO/??-Bi2O3 microspheres with enhanced photocatalytic activity for Bisphenol A degradation and NO removal,2019,S1,0,0,0,0,1,0.0,0,0,0,1,0,0.58,2.44,,,15.0,100.0,0.2,350.0,0.0,0.0,1.0,0.1,,34.0
280,289,296,306,316,326,337,348,359,371,381,393,406,418,431,445,460,474,488,489,148,A facile synthesis of a highly efficient b-Bi2O3/ Bi2O2CO3 heterojunction with enhanced photocatalytic NO oxidation under visible light,2020,BOC-380,0,0,0,0,1,0.0,0,0,0,1,0,,2.52,20.4,,4.0,380.0,0.1,300.0,0.0,0.0,1.0,2.4,,32.0
281,290,298,308,318,328,339,350,361,373,383,395,408,420,433,447,462,476,490,491,148,A facile synthesis of a highly efficient b-Bi2O3/ Bi2O2CO3 heterojunction with enhanced photocatalytic NO oxidation under visible light,2020,BOC-420,0,0,0,0,1,0.0,0,0,0,1,0,,2.2,18.6,,4.0,420.0,0.1,300.0,0.0,0.0,1.0,2.4,,28.0
282,291,299,309,319,329,340,351,362,374,384,396,409,421,434,448,463,477,491,492,149,Mesoporous Ni-Doped δ?Bi2O3 Microspheres for Enhanced SolarDriven Photocatalysis: A Combined Experimental and Theoretical Investigation,2017,Bi2O3,0,0,0,0,1,0.0,0,0,0,1,0,,2.87,,,8.0,160.0,0.1,150.0,1.0,0.0,0.0,2.4,50.0,31.1
284,293,301,311,321,331,342,353,364,376,387,399,412,424,437,451,466,480,494,495,150,Fabricating Mn3O4/b-Bi2O3 heterojunction microspheres with enhanced photocatalytic activity for organic pollutants degradation and NO removal,2021,S0,0,0,0,0,1,0.0,0,1,0,1,0,,,,,2.0,350.0,0.1,150.0,1.0,0.0,0.0,2.4,50.0,31.8
285,294,302,312,322,332,343,354,365,377,388,400,413,425,438,452,467,481,495,496,150,Fabricating Mn3O4/b-Bi2O3 heterojunction microspheres with enhanced photocatalytic activity for organic pollutants degradation and NO removal,2021,1 wt%Mn3O4/b-Bi2O3,0,0,0,0,1,1.0,0,1,0,1,0,,,,,2.0,350.0,0.1,150.0,1.0,0.0,0.0,2.4,50.0,36.2
286,295,303,313,323,333,344,355,366,378,389,401,414,426,439,453,468,482,496,497,150,Fabricating Mn3O4/b-Bi2O3 heterojunction microspheres with enhanced photocatalytic activity for organic pollutants degradation and NO removal,2021,2 wt%Mn3O4/b-Bi2O3,0,0,0,0,1,2.0,0,1,0,1,0,,,,,2.0,350.0,0.1,150.0,1.0,0.0,0.0,2.4,50.0,44.2
287,296,304,314,324,334,345,356,367,379,390,402,415,427,440,454,469,483,497,498,150,Fabricating Mn3O4/b-Bi2O3 heterojunction microspheres with enhanced photocatalytic activity for organic pollutants degradation and NO removal,2021,3 wt%Mn3O4/b-Bi2O3,0,0,0,0,1,3.0,0,1,0,1,0,,,,,2.0,350.0,0.1,150.0,1.0,0.0,0.0,2.4,50.0,41.6
288,297,305,315,325,335,346,357,368,380,391,403,416,428,441,455,470,484,498,499,150,Fabricating Mn3O4/b-Bi2O3 heterojunction microspheres with enhanced photocatalytic activity for organic pollutants degradation and NO removal,2021,4 wt%Mn3O4/bBi2O3,0,0,0,0,1,4.0,0,1,0,1,0,,,,,2.0,350.0,0.1,150.0,1.0,0.0,0.0,2.4,50.0,38.2
289,298,306,316,326,336,347,358,369,381,392,404,417,429,442,456,471,485,499,500,151,Highly efficient photocatalytic performance of graphene oxide/ TiO2–Bi2O3 hybrid coating for organic dyes and NO gas,2015,GO–T–B,0,0,0,0,1,0.0,0,1,0,1,0,2.89,2.1,,,2.0,270.0,0.2,150.0,1.0,0.0,0.0,2.4,70.0,25.2
290,299,307,317,327,337,348,359,370,382,393,405,418,430,443,457,472,486,500,501,152,"Chemical etching fabrication of uniform mesoporous Bi@Bi2O3 nanospheres
with enhanced visible light-induced photocatalytic oxidation performance for NOx",2021,Bi@Bi2O3,0,0,0,0,1,0.0,0,1,0,1,0,14.64,,4.8,0.18,18.0,160.0,0.1,300.0,0.0,0.0,1.0,3.0,,25.0
291,300,308,318,328,338,349,360,371,383,394,406,419,431,444,458,473,487,501,502,152,"Chemical etching fabrication of uniform mesoporous Bi@Bi2O3 nanospheres
with enhanced visible light-induced photocatalytic oxidation performance for NOx",2021,0.05-Bi@Bi2O3,0,0,0,0,1,0.05,0,1,0,1,0,48.36,,1.98,0.28,18.0,160.0,0.1,300.0,0.0,0.0,1.0,3.0,,41.0
292,301,309,319,329,339,350,361,372,384,395,407,420,432,445,459,474,488,502,503,152,"Chemical etching fabrication of uniform mesoporous Bi@Bi2O3 nanospheres
with enhanced visible light-induced photocatalytic oxidation performance for NOx",2021,0.1-Bi@Bi2O3,0,0,0,0,1,0.1,0,1,0,1,0,20.55,,,0.16,18.0,160.0,0.1,300.0,0.0,0.0,1.0,3.0,,32.0
293,302,310,320,330,340,351,362,373,385,396,408,421,433,446,460,475,489,503,504,152,"Chemical etching fabrication of uniform mesoporous Bi@Bi2O3 nanospheres
with enhanced visible light-induced photocatalytic oxidation performance for NOx",2021,P123-Bi@Bi2O3,0,0,0,0,1,0.2,0,1,0,0,1,22.65,,6.3,0.2,18.0,160.0,0.1,300.0,0.0,0.0,1.0,3.0,,36.0
294,303,311,321,331,341,352,363,374,386,397,409,422,434,447,461,476,490,504,505,153,Polyoxometalates‐doped Bi2O3–x/Bi photocatalyst for highly efficient visible‐light photodegradation of tetrabromobisphenol Aand removal of NO,2022,Bi2O3,0,0,0,0,1,0.0,0,0,0,1,0,,2.87,,,5.0,450.0,0.3,300.0,0.0,0.0,1.0,0.5,,30.0
295,304,312,322,332,342,353,364,375,387,398,410,423,435,448,462,477,491,505,506,154,In situ Fabrication of α- Bi2O3/(BiO)2CO3 Nanoplate Heterojunctions with Tunable Optical Property and Photocatalytic Activity,2015, (BiO)2CO3,0,0,0,0,1,0.0,0,0,0,1,0,1.93,,,,12.0,,0.1,150.0,1.0,0.0,0.0,2.4,50.0,23.6
296,305,313,323,333,343,354,365,376,388,399,411,424,436,449,463,478,492,506,507,154,In situ Fabrication of α- Bi2O3/(BiO)2CO3 Nanoplate Heterojunctions with Tunable Optical Property and Photocatalytic Activity,2015, BOC-400,0,0,0,0,1,0.0,0,0,0,1,0,4.32,,,,12.0,400.0,0.1,150.0,1.0,0.0,0.0,2.4,50.0,34.9
297,306,314,324,334,344,355,366,377,389,400,412,425,437,450,464,479,493,507,508,154,In situ Fabrication of α- Bi2O3/(BiO)2CO3 Nanoplate Heterojunctions with Tunable Optical Property and Photocatalytic Activity,2015,BOC-450,0,0,0,0,1,0.0,0,0,0,1,0,0.96,,,,12.0,450.0,0.1,150.0,1.0,0.0,0.0,2.4,50.0,32.6
298,307,315,325,335,345,356,367,378,390,401,413,426,438,451,465,480,494,508,509,154,In situ Fabrication of α- Bi2O3/(BiO)2CO3 Nanoplate Heterojunctions with Tunable Optical Property and Photocatalytic Activity,2015,Bi2O3,0,0,0,0,1,0.0,0,0,0,1,0,1.25,,,,12.0,,0.1,150.0,1.0,0.0,0.0,2.4,50.0,25.2
299,308,316,326,336,346,357,368,379,391,402,414,427,439,452,466,481,495,509,510,155,Surface plasmon resonance enhanced photocatalysis of Ag nanoparticles-decorated Bi2S3 nanorods for NO degradation,2021,Bi2S3,0,0,0,0,1,0.0,0,0,0,1,0,1.26,1.5,,0.0083,24.0,135.0,0.2,300.0,0.0,0.0,1.0,3.0,70.0,11.65
300,309,317,327,337,347,358,369,380,392,403,415,428,440,453,467,482,496,510,511,155,Surface plasmon resonance enhanced photocatalysis of Ag nanoparticles-decorated Bi2S3 nanorods for NO degradation,2021,1% Ag@Bi2S3,0,0,0,0,1,1.0,0,1,0,1,0,1.51,1.28,,0.0076,24.0,135.0,0.2,300.0,0.0,0.0,1.0,3.0,70.0,25.0
301,310,318,328,338,348,359,370,381,393,404,416,429,441,454,468,483,497,511,512,155,Surface plasmon resonance enhanced photocatalysis of Ag nanoparticles-decorated Bi2S3 nanorods for NO degradation,2021,3% Ag@Bi2S3,0,0,0,0,1,3.0,0,1,0,1,0,1.6,1.24,,0.0089,24.0,135.0,0.2,300.0,0.0,0.0,1.0,3.0,70.0,31.12
302,311,319,329,339,349,360,371,382,394,405,417,430,442,455,469,484,498,512,513,155,Surface plasmon resonance enhanced photocatalysis of Ag nanoparticles-decorated Bi2S3 nanorods for NO degradation,2021,5% Ag@Bi2S3,0,0,0,0,1,5.0,0,1,0,1,0,0.55,1.18,,0.0024,24.0,135.0,0.2,300.0,0.0,0.0,1.0,3.0,70.0,22.0
303,312,320,330,340,350,361,372,383,395,406,418,431,443,456,470,485,499,513,514,156,Bismuth Sulfide Doped in Graphitic Carbon Nitride Degrades Nitric Oxide under Solar Irradiation,2022,Bi2S3 ,0,0,0,0,1,0.0,0,0,0,1,0,,3.1,,,2.0,550.0,0.2,300.0,0.0,0.0,1.0,3.0,70.0,35.0
304,313,321,331,341,351,362,373,384,396,407,419,432,444,457,471,486,500,515,516,157,Photodegradation of Nitrogen Oxide under Solar Light Using a Facile Synthesis Catalyst,2021,Bi2S3,0,0,0,0,1,0.0,0,0,0,1,0,20.55,,,0.16,2.0,400.0,0.2,300.0,0.0,0.0,1.0,3.0,40.0,32.0
305,314,322,332,342,352,363,374,385,397,408,420,433,445,458,472,487,501,516,517,157,Photodegradation of Nitrogen Oxide under Solar Light Using a Facile Synthesis Catalyst,2021,5% MgO/Bi2S3-BiOCl,0,0,0,0,1,5.0,0,1,0,1,0,22.65,,6.3,0.2,2.0,400.0,0.2,300.0,0.0,0.0,1.0,3.0,40.0,36.0
306,315,323,333,343,353,364,375,386,398,409,421,434,446,459,473,488,502,517,518,158,Ultra-stable Bi4O5Br2/Bi2S3 n-p heterojunctions induced simultaneous generation of radicals ?OH and ?O2 ? and NO conversion to nitrate/nitrite species with high selectivity under visible light,2021,BB-BS20,0,0,0,0,1,1.0,0,1,0,1,0,,2.22,5.0,,12.0,160.0,0.15,500.0,0.0,0.0,1.0,1.2,50.0,42.0
308,317,326,336,346,356,367,378,389,401,412,424,437,450,463,477,492,506,521,522,159,Enhanced photocatalytic NO removal with the superior selectivity for NO2? /NO3? species of Bi12GeO20-based composites via a ball-milling treatment: Synergetic effect of surface oxygen vacancies and n-p heterojunctions,2022,BGO,0,0,0,0,1,0.0,0,1,0,1,0,,2.9,1.98,0.28,12.0,160.0,0.4,500.0,0.0,0.0,1.0,1.8,50.0,42.0
309,318,327,337,347,357,368,379,390,402,413,425,438,451,464,478,493,507,522,523,160,Mechanical ball-milling preparation and superior photocatalytic NO elimination of Z-scheme Bi12SiO20-based heterojunctions with surface oxygen vacancies,2022, BSO,0,0,0,0,1,0.0,0,1,0,1,0,,3.0,,,18.0,160.0,0.1,300.0,0.0,0.0,1.0,2.4,70.0,40.0
310,319,328,338,348,358,369,380,391,403,414,426,439,452,465,479,494,509,524,525,161,An anion-exchange strategy for 3D hierarchical (BiO)2CO3/amorphous Bi2S3 heterostructures with increased solar absorption and enhanced visible light photocatalysis,2015,BOC,0,0,0,0,1,0.0,0,0,0,1,0,46.0,,26.0,0.122,24.0,160.0,0.2,150.0,1.0,0.0,0.0,3.3,60.0,21.5
311,320,329,339,349,359,370,381,392,404,415,427,440,453,466,480,495,510,525,526,161,An anion-exchange strategy for 3D hierarchical (BiO)2CO3/amorphous Bi2S3 heterostructures with increased solar absorption and enhanced visible light photocatalysis,2015,BS-0.05,0,0,0,0,1,0.05,0,0,0,1,0,56.0,,12.0,0.147,24.0,160.0,0.2,150.0,1.0,0.0,0.0,3.3,60.0,48.6
312,321,330,340,350,360,371,382,393,405,416,428,441,454,467,481,496,511,526,527,161,An anion-exchange strategy for 3D hierarchical (BiO)2CO3/amorphous Bi2S3 heterostructures with increased solar absorption and enhanced visible light photocatalysis,2015,BS-0.10,0,0,0,0,1,0.1,0,0,0,1,0,50.0,,6.2,0.143,24.0,160.0,0.2,150.0,1.0,0.0,0.0,3.3,60.0,51.4
313,322,331,341,351,361,372,383,394,406,417,429,442,455,469,483,498,513,528,529,161,An anion-exchange strategy for 3D hierarchical (BiO)2CO3/amorphous Bi2S3 heterostructures with increased solar absorption and enhanced visible light photocatalysis,2015,BS-0.50,0,0,0,0,1,0.5,0,0,0,1,0,54.0,,12.8,0.171,24.0,160.0,0.2,150.0,1.0,0.0,0.0,3.3,60.0,45.1
